identifier,measure,period.start,period.end,measureScore.rate,group.subject,group.code,PractitionerRole.code
5607e927-ede6-42ff-9f52-1bbe676956a6,Transfer-01,2024-02-01,2024-02-29,0.73,Network-Hospital-A,http://purl.obolibrary.org/obo/PSDO_0000094, 
49da1e74-0ef4-40a3-a62a-a586edebcc66,Transfer-01,2024-03-01,2024-03-31,0.73,Network-Hospital-A,http://purl.obolibrary.org/obo/PSDO_0000094, 
d70c02b8-9ee7-44aa-b66d-c48062c96da3,Transfer-01,2024-04-01,2024-04-30,0.73,Network-Hospital-A,http://purl.obolibrary.org/obo/PSDO_0000094, 
6fd1981a-db05-4654-bcef-92bf3550ef62,Transfer-01,2024-05-01,2024-05-31,0.73,Network-Hospital-A,http://purl.obolibrary.org/obo/PSDO_0000094, 
adb083b7-48c3-4103-9b55-31d56f280734,Transfer-01,2024-06-01,2024-06-30,0.73,Network-Hospital-A,http://purl.obolibrary.org/obo/PSDO_0000094, 
06957265-09b5-480d-a2a8-5c28a33c81c6,Transfer-01,2024-07-01,2024-07-31,0.73,Network-Hospital-A,http://purl.obolibrary.org/obo/PSDO_0000094, 
b7cec77f-ab53-41a0-9356-e97de9008520,Transfer-01,2024-08-01,2024-08-31,0.73,Network-Hospital-A,http://purl.obolibrary.org/obo/PSDO_0000094, 
9733433c-d261-4cd3-8499-79644b5ea955,Transfer-01,2024-09-01,2024-09-30,0.73,Network-Hospital-A,http://purl.obolibrary.org/obo/PSDO_0000094, 
7c524dd9-7a7f-4016-9339-af8ee86d3f34,Transfer-01,2024-10-01,2024-10-31,0.73,Network-Hospital-A,http://purl.obolibrary.org/obo/PSDO_0000094, 
0e25e804-b9e3-4b84-8170-c7d2d39d15e7,Transfer-01,2024-11-01,2024-11-30,0.73,Network-Hospital-A,http://purl.obolibrary.org/obo/PSDO_0000094, 
64d02338-1a5f-4c3a-8a52-d8ccaa21f071,Transfer-01,2024-12-01,2024-12-31,0.73,Network-Hospital-A,http://purl.obolibrary.org/obo/PSDO_0000094, 
6cd65065-85d4-45e5-9fc7-b65a56d0f53c,Transfer-01,2025-01-01,2025-01-31,0.73,Network-Hospital-A,http://purl.obolibrary.org/obo/PSDO_0000094, 
65621bfb-1f5c-4c29-abec-94d12dde7809,Hand-01,2024-02-01,2024-02-29,0.95,Network-Hospital-A,http://purl.obolibrary.org/obo/PSDO_0000094, 
9c941233-d814-495a-8c86-dcb97d9102e2,Hand-01,2024-03-01,2024-03-31,0.95,Network-Hospital-A,http://purl.obolibrary.org/obo/PSDO_0000094, 
4021ee30-cf7a-48bf-ac22-0a7b2c66c9a6,Hand-01,2024-04-01,2024-04-30,0.95,Network-Hospital-A,http://purl.obolibrary.org/obo/PSDO_0000094, 
c9c9eb95-af08-4f15-89fc-3b26deabe2cd,Hand-01,2024-05-01,2024-05-31,0.95,Network-Hospital-A,http://purl.obolibrary.org/obo/PSDO_0000094, 
db7e7fde-0457-4184-8935-915158427648,Hand-01,2024-06-01,2024-06-30,0.95,Network-Hospital-A,http://purl.obolibrary.org/obo/PSDO_0000094, 
04d38201-16cc-4cce-8160-54eb6f11a862,Hand-01,2024-07-01,2024-07-31,0.95,Network-Hospital-A,http://purl.obolibrary.org/obo/PSDO_0000094, 
3706c8af-8f4b-4437-999f-99e300080ca3,Hand-01,2024-08-01,2024-08-31,0.95,Network-Hospital-A,http://purl.obolibrary.org/obo/PSDO_0000094, 
0bd71739-94bb-497a-a1cc-b0b8a52f09d7,Hand-01,2024-09-01,2024-09-30,0.95,Network-Hospital-A,http://purl.obolibrary.org/obo/PSDO_0000094, 
3e806857-2344-4ab6-97a2-d86731ca5780,Hand-01,2024-10-01,2024-10-31,0.95,Network-Hospital-A,http://purl.obolibrary.org/obo/PSDO_0000094, 
be54572f-76c5-4fab-b71e-9f3dc3850be9,Hand-01,2024-11-01,2024-11-30,0.95,Network-Hospital-A,http://purl.obolibrary.org/obo/PSDO_0000094, 
5dd1beb1-1177-4ed7-aaf6-ad90f720ba41,Hand-01,2024-12-01,2024-12-31,0.95,Network-Hospital-A,http://purl.obolibrary.org/obo/PSDO_0000094, 
d6f35749-1564-4614-ba42-98269ad82aa9,Hand-01,2025-01-01,2025-01-31,0.95,Network-Hospital-A,http://purl.obolibrary.org/obo/PSDO_0000094, 
1160b596-3f02-4947-adda-0b3d7ee9322b,Provider-Rating-01,2024-02-01,2024-02-29,0.909,Network-Hospital-A,http://purl.obolibrary.org/obo/PSDO_0000094, 
e5602647-bc6f-49b3-9021-c4e12f0a71a3,Provider-Rating-01,2024-03-01,2024-03-31,0.909,Network-Hospital-A,http://purl.obolibrary.org/obo/PSDO_0000094, 
5a8677cc-eadc-4411-9aef-26904c6d20cd,Provider-Rating-01,2024-04-01,2024-04-30,0.909,Network-Hospital-A,http://purl.obolibrary.org/obo/PSDO_0000094, 
c73bd9fd-0adf-49d2-997a-60908ff31cc3,Provider-Rating-01,2024-05-01,2024-05-31,0.909,Network-Hospital-A,http://purl.obolibrary.org/obo/PSDO_0000094, 
6e1753c9-5c96-46ef-a454-0c59ba6f0aa1,Provider-Rating-01,2024-06-01,2024-06-30,0.909,Network-Hospital-A,http://purl.obolibrary.org/obo/PSDO_0000094, 
f3be0fe5-d5d9-4a94-b885-2cf4dd2e827e,Provider-Rating-01,2024-07-01,2024-07-31,0.909,Network-Hospital-A,http://purl.obolibrary.org/obo/PSDO_0000094, 
e57e7839-21df-4d51-bfbc-52830f00c5ed,Provider-Rating-01,2024-08-01,2024-08-31,0.909,Network-Hospital-A,http://purl.obolibrary.org/obo/PSDO_0000094, 
ae0df948-6cc8-4c9e-8708-b12f2d04d1d0,Provider-Rating-01,2024-09-01,2024-09-30,0.909,Network-Hospital-A,http://purl.obolibrary.org/obo/PSDO_0000094, 
3e87ead7-3e47-4e34-a9e1-c08555074ca5,Provider-Rating-01,2024-10-01,2024-10-31,0.909,Network-Hospital-A,http://purl.obolibrary.org/obo/PSDO_0000094, 
4423a63f-b484-45ae-8c5c-3c49c2488669,Provider-Rating-01,2024-11-01,2024-11-30,0.909,Network-Hospital-A,http://purl.obolibrary.org/obo/PSDO_0000094, 
53d2a9a0-2137-44ee-bfc3-6f2efbe9590f,Provider-Rating-01,2024-12-01,2024-12-31,0.909,Network-Hospital-A,http://purl.obolibrary.org/obo/PSDO_0000094, 
4effbdf0-3a62-4919-bb88-5b4fe0706b51,Provider-Rating-01,2025-01-01,2025-01-31,0.909,Network-Hospital-A,http://purl.obolibrary.org/obo/PSDO_0000094, 
f701124a-ffc3-44c0-a6a6-712ecaa835b5,Care-Rating-01,2024-02-01,2024-02-29,0.9229999999999999,Network-Hospital-A,http://purl.obolibrary.org/obo/PSDO_0000094, 
bedcd480-adc1-4a8e-a0ec-ad1e14fd2b45,Care-Rating-01,2024-03-01,2024-03-31,0.9229999999999999,Network-Hospital-A,http://purl.obolibrary.org/obo/PSDO_0000094, 
728e7a94-a9f9-46a5-b2f2-802da6035349,Care-Rating-01,2024-04-01,2024-04-30,0.9229999999999999,Network-Hospital-A,http://purl.obolibrary.org/obo/PSDO_0000094, 
2c72fb52-5a06-4015-b429-be46c6235630,Care-Rating-01,2024-05-01,2024-05-31,0.9229999999999999,Network-Hospital-A,http://purl.obolibrary.org/obo/PSDO_0000094, 
6c2aba62-66d3-4772-8d9b-08f92072f4b2,Care-Rating-01,2024-06-01,2024-06-30,0.9229999999999999,Network-Hospital-A,http://purl.obolibrary.org/obo/PSDO_0000094, 
9667fc01-c6f7-48dd-a1dd-8edb07da34b1,Care-Rating-01,2024-07-01,2024-07-31,0.9229999999999999,Network-Hospital-A,http://purl.obolibrary.org/obo/PSDO_0000094, 
429f4711-2709-483b-b5f3-e027ad546c29,Care-Rating-01,2024-08-01,2024-08-31,0.9229999999999999,Network-Hospital-A,http://purl.obolibrary.org/obo/PSDO_0000094, 
67c46f20-957a-4030-b286-cc043b55af48,Care-Rating-01,2024-09-01,2024-09-30,0.9229999999999999,Network-Hospital-A,http://purl.obolibrary.org/obo/PSDO_0000094, 
9264ca13-3e2c-4eb2-b491-e25a4030f4e2,Care-Rating-01,2024-10-01,2024-10-31,0.9229999999999999,Network-Hospital-A,http://purl.obolibrary.org/obo/PSDO_0000094, 
d0008dff-e00b-47a7-85d0-af42f3a4de15,Care-Rating-01,2024-11-01,2024-11-30,0.9229999999999999,Network-Hospital-A,http://purl.obolibrary.org/obo/PSDO_0000094, 
31aa9e0b-cd14-46bd-9dfd-f207d3be2991,Care-Rating-01,2024-12-01,2024-12-31,0.9229999999999999,Network-Hospital-A,http://purl.obolibrary.org/obo/PSDO_0000094, 
d35d6b56-514e-42d8-9a17-31dc2cac364e,Care-Rating-01,2025-01-01,2025-01-31,0.9229999999999999,Network-Hospital-A,http://purl.obolibrary.org/obo/PSDO_0000094, 
efdaf35a-813a-4030-b367-472a60a6b576,Clean-Rating-01,2024-02-01,2024-02-29,0.867,Network-Hospital-A,http://purl.obolibrary.org/obo/PSDO_0000094, 
3da880cd-bcb9-497f-861f-dc3ce466a189,Clean-Rating-01,2024-03-01,2024-03-31,0.867,Network-Hospital-A,http://purl.obolibrary.org/obo/PSDO_0000094, 
a37fa4a5-fe5b-48dd-9ced-82fdbe98d8dc,Clean-Rating-01,2024-04-01,2024-04-30,0.867,Network-Hospital-A,http://purl.obolibrary.org/obo/PSDO_0000094, 
3fbe5f44-43c2-49df-8f15-58e26baa9109,Clean-Rating-01,2024-05-01,2024-05-31,0.867,Network-Hospital-A,http://purl.obolibrary.org/obo/PSDO_0000094, 
c67f857b-b146-4780-957d-9eff05861e61,Clean-Rating-01,2024-06-01,2024-06-30,0.867,Network-Hospital-A,http://purl.obolibrary.org/obo/PSDO_0000094, 
94c4ea84-83b3-470c-9d70-c076137f3bd6,Clean-Rating-01,2024-07-01,2024-07-31,0.867,Network-Hospital-A,http://purl.obolibrary.org/obo/PSDO_0000094, 
16fe8858-e6e2-4e70-9ea3-3d94da2b1cfe,Clean-Rating-01,2024-08-01,2024-08-31,0.867,Network-Hospital-A,http://purl.obolibrary.org/obo/PSDO_0000094, 
f7383cbc-4a5c-4407-b047-3a2047963a3e,Clean-Rating-01,2024-09-01,2024-09-30,0.867,Network-Hospital-A,http://purl.obolibrary.org/obo/PSDO_0000094, 
9f14ecef-3659-4194-a827-9069f48d5f51,Clean-Rating-01,2024-10-01,2024-10-31,0.867,Network-Hospital-A,http://purl.obolibrary.org/obo/PSDO_0000094, 
8a58f2d0-5c54-44a8-89d8-c07324f06d4f,Clean-Rating-01,2024-11-01,2024-11-30,0.867,Network-Hospital-A,http://purl.obolibrary.org/obo/PSDO_0000094, 
2c53c941-6f16-459d-a52d-8989b4a00100,Clean-Rating-01,2024-12-01,2024-12-31,0.867,Network-Hospital-A,http://purl.obolibrary.org/obo/PSDO_0000094, 
913f6211-c7cb-40ae-ad5d-cf2b15674566,Clean-Rating-01,2025-01-01,2025-01-31,0.867,Network-Hospital-A,http://purl.obolibrary.org/obo/PSDO_0000094, 
9cc3cde3-066e-498e-b372-3ded0da10531,Quiet-Rating-01,2024-02-01,2024-02-29,0.7559999999999999,Network-Hospital-A,http://purl.obolibrary.org/obo/PSDO_0000094, 
a228005c-1051-43aa-8c05-7b40ec431778,Quiet-Rating-01,2024-03-01,2024-03-31,0.7559999999999999,Network-Hospital-A,http://purl.obolibrary.org/obo/PSDO_0000094, 
e2d27c60-5bb1-4661-95bd-bfdb77f075e1,Quiet-Rating-01,2024-04-01,2024-04-30,0.7559999999999999,Network-Hospital-A,http://purl.obolibrary.org/obo/PSDO_0000094, 
62e864ab-3f7b-4ee6-b3ea-86cf3bc8ef21,Quiet-Rating-01,2024-05-01,2024-05-31,0.7559999999999999,Network-Hospital-A,http://purl.obolibrary.org/obo/PSDO_0000094, 
1e295cbd-364b-4644-ac68-ededdf345029,Quiet-Rating-01,2024-06-01,2024-06-30,0.7559999999999999,Network-Hospital-A,http://purl.obolibrary.org/obo/PSDO_0000094, 
9cbd78ff-e577-4d18-9a18-5af72fa7777a,Quiet-Rating-01,2024-07-01,2024-07-31,0.7559999999999999,Network-Hospital-A,http://purl.obolibrary.org/obo/PSDO_0000094, 
4014d189-1467-4c8f-afa0-fced9dd9f461,Quiet-Rating-01,2024-08-01,2024-08-31,0.7559999999999999,Network-Hospital-A,http://purl.obolibrary.org/obo/PSDO_0000094, 
1fbba56a-1771-4721-a04a-1f81c6c9c64b,Quiet-Rating-01,2024-09-01,2024-09-30,0.7559999999999999,Network-Hospital-A,http://purl.obolibrary.org/obo/PSDO_0000094, 
53e2eeef-ffa5-4c18-9c38-d5e0957e8004,Quiet-Rating-01,2024-10-01,2024-10-31,0.7559999999999999,Network-Hospital-A,http://purl.obolibrary.org/obo/PSDO_0000094, 
e217ac9d-cca7-439d-8789-cb1717051713,Quiet-Rating-01,2024-11-01,2024-11-30,0.7559999999999999,Network-Hospital-A,http://purl.obolibrary.org/obo/PSDO_0000094, 
9bc9a374-3631-4131-88db-8c2d4db4e41d,Quiet-Rating-01,2024-12-01,2024-12-31,0.7559999999999999,Network-Hospital-A,http://purl.obolibrary.org/obo/PSDO_0000094, 
0cbbb491-3a14-472c-9601-6d221f43f7eb,Quiet-Rating-01,2025-01-01,2025-01-31,0.7559999999999999,Network-Hospital-A,http://purl.obolibrary.org/obo/PSDO_0000094, 
8d8eb7be-3c77-49dd-90a6-53e0d06b4cd6,Patient-Concern-01,2024-02-01,2024-02-29,0.955,Network-Hospital-A,http://purl.obolibrary.org/obo/PSDO_0000094, 
23b53239-517e-4832-9431-62fae0203634,Patient-Concern-01,2024-03-01,2024-03-31,0.955,Network-Hospital-A,http://purl.obolibrary.org/obo/PSDO_0000094, 
d7a5a6ab-3c8e-4272-bdd6-567c160d3cdc,Patient-Concern-01,2024-04-01,2024-04-30,0.955,Network-Hospital-A,http://purl.obolibrary.org/obo/PSDO_0000094, 
066cf7fa-b009-495b-b9f7-67af2c9303d1,Patient-Concern-01,2024-05-01,2024-05-31,0.955,Network-Hospital-A,http://purl.obolibrary.org/obo/PSDO_0000094, 
e3a3ab77-c418-43bd-9bc2-40612039c2bf,Patient-Concern-01,2024-06-01,2024-06-30,0.955,Network-Hospital-A,http://purl.obolibrary.org/obo/PSDO_0000094, 
d8c4758f-8e14-4c7d-88f3-24daec3958ee,Patient-Concern-01,2024-07-01,2024-07-31,0.955,Network-Hospital-A,http://purl.obolibrary.org/obo/PSDO_0000094, 
3d64f44d-a473-4b2c-a1a3-56669b6d4ed6,Patient-Concern-01,2024-08-01,2024-08-31,0.955,Network-Hospital-A,http://purl.obolibrary.org/obo/PSDO_0000094, 
72fa6bc5-985c-4ac1-95e6-ac177db955ef,Patient-Concern-01,2024-09-01,2024-09-30,0.955,Network-Hospital-A,http://purl.obolibrary.org/obo/PSDO_0000094, 
41f439dd-7bd5-4900-97f8-8eb303935f44,Patient-Concern-01,2024-10-01,2024-10-31,0.955,Network-Hospital-A,http://purl.obolibrary.org/obo/PSDO_0000094, 
c033870a-0ffb-47ba-9ba4-a0c602d20bb5,Patient-Concern-01,2024-11-01,2024-11-30,0.955,Network-Hospital-A,http://purl.obolibrary.org/obo/PSDO_0000094, 
56cd4079-35cd-4378-afc8-a187e3504e59,Patient-Concern-01,2024-12-01,2024-12-31,0.955,Network-Hospital-A,http://purl.obolibrary.org/obo/PSDO_0000094, 
9e53a5d8-c66f-4a60-a5c2-4215bc511073,Patient-Concern-01,2025-01-01,2025-01-31,0.955,Network-Hospital-A,http://purl.obolibrary.org/obo/PSDO_0000094, 
4e646399-8a40-4c18-92fe-93378aa0717a,Discharge-01,2024-02-01,2024-02-29,0.833,Network-Hospital-A,http://purl.obolibrary.org/obo/PSDO_0000094, 
5cd9f40c-f763-4e32-9a3e-a43ee608713f,Discharge-01,2024-03-01,2024-03-31,0.833,Network-Hospital-A,http://purl.obolibrary.org/obo/PSDO_0000094, 
60188442-5529-4bc5-9012-3b60eaf1bc96,Discharge-01,2024-04-01,2024-04-30,0.833,Network-Hospital-A,http://purl.obolibrary.org/obo/PSDO_0000094, 
610b4fdf-8365-46ab-aac4-61d6cdc4fd22,Discharge-01,2024-05-01,2024-05-31,0.833,Network-Hospital-A,http://purl.obolibrary.org/obo/PSDO_0000094, 
2f9425de-ce7c-4c5d-886d-46906777e8fc,Discharge-01,2024-06-01,2024-06-30,0.833,Network-Hospital-A,http://purl.obolibrary.org/obo/PSDO_0000094, 
26d8c91c-6497-4cd5-bca9-a3370ef8ec4a,Discharge-01,2024-07-01,2024-07-31,0.833,Network-Hospital-A,http://purl.obolibrary.org/obo/PSDO_0000094, 
75fe9dda-6cff-45ef-b400-23e0025f29f5,Discharge-01,2024-08-01,2024-08-31,0.833,Network-Hospital-A,http://purl.obolibrary.org/obo/PSDO_0000094, 
05fdc3aa-0340-46ec-82d9-01c4e17951d4,Discharge-01,2024-09-01,2024-09-30,0.833,Network-Hospital-A,http://purl.obolibrary.org/obo/PSDO_0000094, 
3aed975a-6693-4347-8ad7-bb953ac4a2d6,Discharge-01,2024-10-01,2024-10-31,0.833,Network-Hospital-A,http://purl.obolibrary.org/obo/PSDO_0000094, 
bc42349f-882a-48e5-9c65-3c515ae4ed86,Discharge-01,2024-11-01,2024-11-30,0.833,Network-Hospital-A,http://purl.obolibrary.org/obo/PSDO_0000094, 
034c727f-00d9-4aa7-afd8-9c65162d1fc7,Discharge-01,2024-12-01,2024-12-31,0.833,Network-Hospital-A,http://purl.obolibrary.org/obo/PSDO_0000094, 
f2c9b251-3a33-4f2b-ab95-d24d3c2699f4,Discharge-01,2025-01-01,2025-01-31,0.833,Network-Hospital-A,http://purl.obolibrary.org/obo/PSDO_0000094, 
997b5e61-fe27-4059-bdeb-3747d93a144d,Nurse-informed-01,2024-02-01,2024-02-29,0.9,Network-Hospital-A,http://purl.obolibrary.org/obo/PSDO_0000094, 
4fb7aca1-d869-4afb-ba93-50500ba2643c,Nurse-informed-01,2024-03-01,2024-03-31,0.9,Network-Hospital-A,http://purl.obolibrary.org/obo/PSDO_0000094, 
873302d6-4e10-41b1-b0c9-b088f8d21faf,Nurse-informed-01,2024-04-01,2024-04-30,0.9,Network-Hospital-A,http://purl.obolibrary.org/obo/PSDO_0000094, 
40f025c4-ed48-4fc3-a90a-3a9aa0f705ba,Nurse-informed-01,2024-05-01,2024-05-31,0.9,Network-Hospital-A,http://purl.obolibrary.org/obo/PSDO_0000094, 
1dab6633-3101-46b3-9692-4be92fad562b,Nurse-informed-01,2024-06-01,2024-06-30,0.9,Network-Hospital-A,http://purl.obolibrary.org/obo/PSDO_0000094, 
1c2595ed-bcaa-4762-80ad-ca81b5ebba4a,Nurse-informed-01,2024-07-01,2024-07-31,0.9,Network-Hospital-A,http://purl.obolibrary.org/obo/PSDO_0000094, 
20205687-1813-420e-ae0f-689d74fc19f9,Nurse-informed-01,2024-08-01,2024-08-31,0.9,Network-Hospital-A,http://purl.obolibrary.org/obo/PSDO_0000094, 
6d3778bc-68c0-4b5e-aea3-03f9d9c082bb,Nurse-informed-01,2024-09-01,2024-09-30,0.9,Network-Hospital-A,http://purl.obolibrary.org/obo/PSDO_0000094, 
884afa84-a8d9-412a-96ce-d9121e1be4af,Nurse-informed-01,2024-10-01,2024-10-31,0.9,Network-Hospital-A,http://purl.obolibrary.org/obo/PSDO_0000094, 
1865f33a-9fc4-4f29-9b5a-96b0ec71824c,Nurse-informed-01,2024-11-01,2024-11-30,0.9,Network-Hospital-A,http://purl.obolibrary.org/obo/PSDO_0000094, 
04d21fef-cc4f-4ef7-9807-605c3d213b0c,Nurse-informed-01,2024-12-01,2024-12-31,0.9,Network-Hospital-A,http://purl.obolibrary.org/obo/PSDO_0000094, 
6a498444-4f1b-4eac-8f27-d8db9f3de577,Nurse-informed-01,2025-01-01,2025-01-31,0.9,Network-Hospital-A,http://purl.obolibrary.org/obo/PSDO_0000094, 
388da41c-4b1e-4fcd-a404-9fbb8e6279e9,Nurse-language-01,2024-02-01,2024-02-29,0.938,Network-Hospital-A,http://purl.obolibrary.org/obo/PSDO_0000094, 
1cc8e47e-e263-49bc-bc72-1717aac1bc56,Nurse-language-01,2024-03-01,2024-03-31,0.938,Network-Hospital-A,http://purl.obolibrary.org/obo/PSDO_0000094, 
c55b7488-7a68-43c3-a6a7-b3fe3138e11a,Nurse-language-01,2024-04-01,2024-04-30,0.938,Network-Hospital-A,http://purl.obolibrary.org/obo/PSDO_0000094, 
f3257d65-cb1b-49d7-bee8-521c6f248b22,Nurse-language-01,2024-05-01,2024-05-31,0.938,Network-Hospital-A,http://purl.obolibrary.org/obo/PSDO_0000094, 
03067b20-a9ef-4b2c-a44b-a81d1ad54951,Nurse-language-01,2024-06-01,2024-06-30,0.938,Network-Hospital-A,http://purl.obolibrary.org/obo/PSDO_0000094, 
0726d61f-46a5-4033-acbc-fe4493e3189a,Nurse-language-01,2024-07-01,2024-07-31,0.938,Network-Hospital-A,http://purl.obolibrary.org/obo/PSDO_0000094, 
eda7a414-2e15-4bec-b07f-7d8945446d87,Nurse-language-01,2024-08-01,2024-08-31,0.938,Network-Hospital-A,http://purl.obolibrary.org/obo/PSDO_0000094, 
4fb0d4ba-2ea9-4c77-a585-8a61b54ad91e,Nurse-language-01,2024-09-01,2024-09-30,0.938,Network-Hospital-A,http://purl.obolibrary.org/obo/PSDO_0000094, 
e3f294f9-190a-48ab-84a1-6db11f617979,Nurse-language-01,2024-10-01,2024-10-31,0.938,Network-Hospital-A,http://purl.obolibrary.org/obo/PSDO_0000094, 
67638fec-4ec3-409c-b6f8-ec39a480c394,Nurse-language-01,2024-11-01,2024-11-30,0.938,Network-Hospital-A,http://purl.obolibrary.org/obo/PSDO_0000094, 
9b1526cf-6539-400a-a888-e5f65e3192b3,Nurse-language-01,2024-12-01,2024-12-31,0.938,Network-Hospital-A,http://purl.obolibrary.org/obo/PSDO_0000094, 
11eac498-50cd-4204-b4b9-663ffdd1638a,Nurse-language-01,2025-01-01,2025-01-31,0.938,Network-Hospital-A,http://purl.obolibrary.org/obo/PSDO_0000094, 
b60a37f0-165c-4972-825e-888b84666462,Physician-language-01,2024-02-01,2024-02-29,0.9,Network-Hospital-A,http://purl.obolibrary.org/obo/PSDO_0000094, 
bb543230-e99f-4bed-ad14-1e511b2fe0c0,Physician-language-01,2024-03-01,2024-03-31,0.9,Network-Hospital-A,http://purl.obolibrary.org/obo/PSDO_0000094, 
68fb7c86-288d-4359-9846-23d589c32a73,Physician-language-01,2024-04-01,2024-04-30,0.9,Network-Hospital-A,http://purl.obolibrary.org/obo/PSDO_0000094, 
8c865067-6f11-43b6-a204-efa788746415,Physician-language-01,2024-05-01,2024-05-31,0.9,Network-Hospital-A,http://purl.obolibrary.org/obo/PSDO_0000094, 
95b09974-5653-421c-8648-0ae56bd0e489,Physician-language-01,2024-06-01,2024-06-30,0.9,Network-Hospital-A,http://purl.obolibrary.org/obo/PSDO_0000094, 
acbfdd05-0284-4c8f-ac8c-efe7a343f924,Physician-language-01,2024-07-01,2024-07-31,0.9,Network-Hospital-A,http://purl.obolibrary.org/obo/PSDO_0000094, 
d0b967de-96ad-4fd8-b258-b04244dd9459,Physician-language-01,2024-08-01,2024-08-31,0.9,Network-Hospital-A,http://purl.obolibrary.org/obo/PSDO_0000094, 
73188350-7881-4f3e-808b-40b2b13f10a3,Physician-language-01,2024-09-01,2024-09-30,0.9,Network-Hospital-A,http://purl.obolibrary.org/obo/PSDO_0000094, 
4429e951-4fcb-42ee-8d03-8a93778dee3c,Physician-language-01,2024-10-01,2024-10-31,0.9,Network-Hospital-A,http://purl.obolibrary.org/obo/PSDO_0000094, 
d0147353-b756-4514-ba25-e0e0c925b277,Physician-language-01,2024-11-01,2024-11-30,0.9,Network-Hospital-A,http://purl.obolibrary.org/obo/PSDO_0000094, 
5ce44c59-3040-477e-a997-b9eed54cc9b8,Physician-language-01,2024-12-01,2024-12-31,0.9,Network-Hospital-A,http://purl.obolibrary.org/obo/PSDO_0000094, 
d8b0583d-9731-44bd-87f0-cbfe8003ee25,Physician-language-01,2025-01-01,2025-01-31,0.9,Network-Hospital-A,http://purl.obolibrary.org/obo/PSDO_0000094, 
7816ca70-b5dd-42bf-a017-b15f5cb33c0c,Physician-informed-01,2024-02-01,2024-02-29,0.861,Network-Hospital-A,http://purl.obolibrary.org/obo/PSDO_0000094, 
051f54db-0315-4922-a3e3-0ce49d91f8f5,Physician-informed-01,2024-03-01,2024-03-31,0.861,Network-Hospital-A,http://purl.obolibrary.org/obo/PSDO_0000094, 
692fdcac-ff9e-4a03-9de4-5a28637dfd70,Physician-informed-01,2024-04-01,2024-04-30,0.861,Network-Hospital-A,http://purl.obolibrary.org/obo/PSDO_0000094, 
081e17ee-97c2-4839-867b-08dd28bc1f30,Physician-informed-01,2024-05-01,2024-05-31,0.861,Network-Hospital-A,http://purl.obolibrary.org/obo/PSDO_0000094, 
25f83479-1719-4218-8263-f8a6a3c01a11,Physician-informed-01,2024-06-01,2024-06-30,0.861,Network-Hospital-A,http://purl.obolibrary.org/obo/PSDO_0000094, 
39617976-ad9c-4131-b394-601634c325fe,Physician-informed-01,2024-07-01,2024-07-31,0.861,Network-Hospital-A,http://purl.obolibrary.org/obo/PSDO_0000094, 
c18972a3-e175-4d30-a31e-22982a0f2d2e,Physician-informed-01,2024-08-01,2024-08-31,0.861,Network-Hospital-A,http://purl.obolibrary.org/obo/PSDO_0000094, 
cdac3b42-eb37-4ee3-935f-425314ddcbbc,Physician-informed-01,2024-09-01,2024-09-30,0.861,Network-Hospital-A,http://purl.obolibrary.org/obo/PSDO_0000094, 
3230ca3d-208c-4598-b8bd-09c9d5621072,Physician-informed-01,2024-10-01,2024-10-31,0.861,Network-Hospital-A,http://purl.obolibrary.org/obo/PSDO_0000094, 
8ccad2e7-fb70-49d9-80d8-879b8aeb48f5,Physician-informed-01,2024-11-01,2024-11-30,0.861,Network-Hospital-A,http://purl.obolibrary.org/obo/PSDO_0000094, 
25a7a3e1-99fc-4b04-aed2-8b12126452ce,Physician-informed-01,2024-12-01,2024-12-31,0.861,Network-Hospital-A,http://purl.obolibrary.org/obo/PSDO_0000094, 
6cb4f179-7122-4209-9333-1a2282504a6d,Physician-informed-01,2025-01-01,2025-01-31,0.861,Network-Hospital-A,http://purl.obolibrary.org/obo/PSDO_0000094, 
b85f9719-3f0c-4427-9071-5d07dbda6c3a,Care-Rating-01,2024-02-01,2024-02-29,1.0,Network-Hospital-A,http://purl.obolibrary.org/obo/PSDO_0000129, 
79fc29a3-c71a-4196-890f-dec56da58d73,Care-Rating-01,2024-03-01,2024-03-31,1.0,Network-Hospital-A,http://purl.obolibrary.org/obo/PSDO_0000129, 
69299ddd-6c6f-4877-9571-334d190f5a22,Care-Rating-01,2024-04-01,2024-04-30,1.0,Network-Hospital-A,http://purl.obolibrary.org/obo/PSDO_0000129, 
3dd3cba1-9a8b-408a-96b8-cb1f876f7490,Care-Rating-01,2024-05-01,2024-05-31,1.0,Network-Hospital-A,http://purl.obolibrary.org/obo/PSDO_0000129, 
08d54350-8fdb-490a-854c-6f74a75b7167,Care-Rating-01,2024-06-01,2024-06-30,1.0,Network-Hospital-A,http://purl.obolibrary.org/obo/PSDO_0000129, 
39537c65-22ad-4982-a3a0-85fafc2521ca,Care-Rating-01,2024-07-01,2024-07-31,1.0,Network-Hospital-A,http://purl.obolibrary.org/obo/PSDO_0000129, 
a2cd4a01-c53f-47ef-8027-47b842483845,Care-Rating-01,2024-08-01,2024-08-31,1.0,Network-Hospital-A,http://purl.obolibrary.org/obo/PSDO_0000129, 
f7b9bdb5-3784-480f-bcac-f0c95e729899,Care-Rating-01,2024-09-01,2024-09-30,1.0,Network-Hospital-A,http://purl.obolibrary.org/obo/PSDO_0000129, 
f0b1decf-d135-4f3f-9ee8-77ee76b43eb5,Care-Rating-01,2024-10-01,2024-10-31,1.0,Network-Hospital-A,http://purl.obolibrary.org/obo/PSDO_0000129, 
31296c3f-d2e4-4ff3-ad75-9a084fd6bacd,Care-Rating-01,2024-11-01,2024-11-30,1.0,Network-Hospital-A,http://purl.obolibrary.org/obo/PSDO_0000129, 
c1ad1f58-7bf1-4e10-a191-2e24576586b7,Care-Rating-01,2024-12-01,2024-12-31,1.0,Network-Hospital-A,http://purl.obolibrary.org/obo/PSDO_0000129, 
a4de5bc2-a54e-424e-974e-09a2e9120c70,Care-Rating-01,2025-01-01,2025-01-31,1.0,Network-Hospital-A,http://purl.obolibrary.org/obo/PSDO_0000129, 
c3cb07c3-7ec9-4917-b46b-018768c1d5fa,Clean-Rating-01,2024-02-01,2024-02-29,1.0,Network-Hospital-A,http://purl.obolibrary.org/obo/PSDO_0000129, 
4741896a-6db8-4f33-a28c-b3c06967fdc1,Clean-Rating-01,2024-03-01,2024-03-31,1.0,Network-Hospital-A,http://purl.obolibrary.org/obo/PSDO_0000129, 
0239cf99-a093-4b62-af21-b097de4dfee0,Clean-Rating-01,2024-04-01,2024-04-30,0.99,Network-Hospital-A,http://purl.obolibrary.org/obo/PSDO_0000129, 
8f561203-f41d-4f36-b337-49e97f51dfd5,Clean-Rating-01,2024-05-01,2024-05-31,1.0,Network-Hospital-A,http://purl.obolibrary.org/obo/PSDO_0000129, 
2aad533b-890f-48f4-99b4-de814d262a15,Clean-Rating-01,2024-06-01,2024-06-30,1.0,Network-Hospital-A,http://purl.obolibrary.org/obo/PSDO_0000129, 
0ca13228-85a4-4c49-9886-61d6a8bc29b5,Clean-Rating-01,2024-07-01,2024-07-31,1.0,Network-Hospital-A,http://purl.obolibrary.org/obo/PSDO_0000129, 
bbaf1744-a102-4a45-9bbd-fe2bff17d6bf,Clean-Rating-01,2024-08-01,2024-08-31,1.0,Network-Hospital-A,http://purl.obolibrary.org/obo/PSDO_0000129, 
3443b195-1bda-4291-9094-57dfb28a1dd6,Clean-Rating-01,2024-09-01,2024-09-30,1.0,Network-Hospital-A,http://purl.obolibrary.org/obo/PSDO_0000129, 
f36bf19e-e609-40bb-84d5-f39f04a94ba9,Clean-Rating-01,2024-10-01,2024-10-31,1.0,Network-Hospital-A,http://purl.obolibrary.org/obo/PSDO_0000129, 
b23bb590-7d58-4cec-a7cb-3e3732ba885a,Clean-Rating-01,2024-11-01,2024-11-30,1.0,Network-Hospital-A,http://purl.obolibrary.org/obo/PSDO_0000129, 
d9e525ac-cb52-4d8d-a58f-9ff80ebc2eb7,Clean-Rating-01,2024-12-01,2024-12-31,1.0,Network-Hospital-A,http://purl.obolibrary.org/obo/PSDO_0000129, 
ee12872b-048c-4676-81f6-bf0a75d107a9,Clean-Rating-01,2025-01-01,2025-01-31,1.0,Network-Hospital-A,http://purl.obolibrary.org/obo/PSDO_0000129, 
866eb2b3-1cb8-4c1c-9c17-d9b7eb700384,Discharge-01,2024-02-01,2024-02-29,0.97,Network-Hospital-A,http://purl.obolibrary.org/obo/PSDO_0000129, 
fc0d2795-2702-4505-883e-7c912ca59670,Discharge-01,2024-03-01,2024-03-31,0.99,Network-Hospital-A,http://purl.obolibrary.org/obo/PSDO_0000129, 
457bbb89-e4c3-410b-81dc-5979bf1a73bf,Discharge-01,2024-04-01,2024-04-30,1.0,Network-Hospital-A,http://purl.obolibrary.org/obo/PSDO_0000129, 
5742eafe-9c21-4627-99c2-c081d0d6866c,Discharge-01,2024-05-01,2024-05-31,1.0,Network-Hospital-A,http://purl.obolibrary.org/obo/PSDO_0000129, 
66159997-fb0d-49b5-845d-15b82f5ccbcc,Discharge-01,2024-06-01,2024-06-30,1.0,Network-Hospital-A,http://purl.obolibrary.org/obo/PSDO_0000129, 
f081bf19-35d0-4d03-9dcc-1278c4956606,Discharge-01,2024-07-01,2024-07-31,0.99,Network-Hospital-A,http://purl.obolibrary.org/obo/PSDO_0000129, 
38e10a2c-345e-436c-978d-486b7f63cdec,Discharge-01,2024-08-01,2024-08-31,1.0,Network-Hospital-A,http://purl.obolibrary.org/obo/PSDO_0000129, 
90d3556d-318e-4bc0-8b23-daa4954891bb,Discharge-01,2024-09-01,2024-09-30,1.0,Network-Hospital-A,http://purl.obolibrary.org/obo/PSDO_0000129, 
5c2d869e-72b6-4cfb-aca8-1b901acabaf2,Discharge-01,2024-10-01,2024-10-31,1.0,Network-Hospital-A,http://purl.obolibrary.org/obo/PSDO_0000129, 
f1d6473c-149e-4926-9c7f-a5bb678792c3,Discharge-01,2024-11-01,2024-11-30,0.99,Network-Hospital-A,http://purl.obolibrary.org/obo/PSDO_0000129, 
e2b48b54-d00c-450b-8477-0666ce355eb1,Discharge-01,2024-12-01,2024-12-31,1.0,Network-Hospital-A,http://purl.obolibrary.org/obo/PSDO_0000129, 
e710299e-8d50-4f7f-8b71-7d739091b62f,Discharge-01,2025-01-01,2025-01-31,1.0,Network-Hospital-A,http://purl.obolibrary.org/obo/PSDO_0000129, 
8c621987-2f50-4428-b5b3-266943ce5d4b,Hand-01,2024-02-01,2024-02-29,1.0,Network-Hospital-A,http://purl.obolibrary.org/obo/PSDO_0000129, 
859b4557-0feb-4caf-8329-961aee38f1a2,Hand-01,2024-03-01,2024-03-31,1.0,Network-Hospital-A,http://purl.obolibrary.org/obo/PSDO_0000129, 
1c378114-b241-487e-bef2-2ffa481b0bda,Hand-01,2024-04-01,2024-04-30,1.0,Network-Hospital-A,http://purl.obolibrary.org/obo/PSDO_0000129, 
e54ced11-c507-4f98-80a4-32e94707a145,Hand-01,2024-05-01,2024-05-31,1.0,Network-Hospital-A,http://purl.obolibrary.org/obo/PSDO_0000129, 
5e265762-e0dd-4e60-a3a7-90ed05aabd09,Hand-01,2024-06-01,2024-06-30,1.0,Network-Hospital-A,http://purl.obolibrary.org/obo/PSDO_0000129, 
068c8164-a5ec-4a47-a383-f2fbb3fce790,Hand-01,2024-07-01,2024-07-31,1.0,Network-Hospital-A,http://purl.obolibrary.org/obo/PSDO_0000129, 
ff0a63a5-6a9f-4b8c-bbd4-1064a96e6531,Hand-01,2024-08-01,2024-08-31,1.0,Network-Hospital-A,http://purl.obolibrary.org/obo/PSDO_0000129, 
79147e0e-4e99-4302-9115-987dc77598e9,Hand-01,2024-09-01,2024-09-30,1.0,Network-Hospital-A,http://purl.obolibrary.org/obo/PSDO_0000129, 
a6382f67-abe1-440a-b7db-f12614cffcd6,Hand-01,2024-10-01,2024-10-31,1.0,Network-Hospital-A,http://purl.obolibrary.org/obo/PSDO_0000129, 
d3a9ff60-35a7-4d99-b295-d88c7dcef5fa,Hand-01,2024-11-01,2024-11-30,1.0,Network-Hospital-A,http://purl.obolibrary.org/obo/PSDO_0000129, 
d3f0b7ce-b5d8-4f14-9433-55da8675d802,Hand-01,2024-12-01,2024-12-31,1.0,Network-Hospital-A,http://purl.obolibrary.org/obo/PSDO_0000129, 
9f35676f-372a-4597-b55b-5bc78e9fde12,Hand-01,2025-01-01,2025-01-31,1.0,Network-Hospital-A,http://purl.obolibrary.org/obo/PSDO_0000129, 
52589c06-11fc-44fd-8510-6c74902ef593,Nurse-informed-01,2024-02-01,2024-02-29,1.0,Network-Hospital-A,http://purl.obolibrary.org/obo/PSDO_0000129, 
a3ac0172-3238-40e9-98d9-e5212f3444ae,Nurse-informed-01,2024-03-01,2024-03-31,1.0,Network-Hospital-A,http://purl.obolibrary.org/obo/PSDO_0000129, 
b8cb61af-bba3-4cb9-bf03-f190cfecfac2,Nurse-informed-01,2024-04-01,2024-04-30,1.0,Network-Hospital-A,http://purl.obolibrary.org/obo/PSDO_0000129, 
5f5cd563-2d51-4b0e-bf4f-8c96d8883453,Nurse-informed-01,2024-05-01,2024-05-31,1.0,Network-Hospital-A,http://purl.obolibrary.org/obo/PSDO_0000129, 
8b3a948b-304a-4c12-abcd-4ff7732090bc,Nurse-informed-01,2024-06-01,2024-06-30,1.0,Network-Hospital-A,http://purl.obolibrary.org/obo/PSDO_0000129, 
34aaa7c1-a275-40c9-8906-71b0ac9c29dc,Nurse-informed-01,2024-07-01,2024-07-31,1.0,Network-Hospital-A,http://purl.obolibrary.org/obo/PSDO_0000129, 
aba9182a-8d64-479f-8536-e559b11fd6d3,Nurse-informed-01,2024-08-01,2024-08-31,1.0,Network-Hospital-A,http://purl.obolibrary.org/obo/PSDO_0000129, 
726d53e5-b808-44e5-a67b-75c02d9120c6,Nurse-informed-01,2024-09-01,2024-09-30,1.0,Network-Hospital-A,http://purl.obolibrary.org/obo/PSDO_0000129, 
cabeae7d-3e71-48c1-b239-302cb3a6c008,Nurse-informed-01,2024-10-01,2024-10-31,1.0,Network-Hospital-A,http://purl.obolibrary.org/obo/PSDO_0000129, 
dab89259-e5da-4321-87bd-9caeaedf2737,Nurse-informed-01,2024-11-01,2024-11-30,1.0,Network-Hospital-A,http://purl.obolibrary.org/obo/PSDO_0000129, 
227e05a1-b9ad-4ac7-ba4a-25381243faa3,Nurse-informed-01,2024-12-01,2024-12-31,1.0,Network-Hospital-A,http://purl.obolibrary.org/obo/PSDO_0000129, 
144cd181-10db-4654-8673-f6368e5e3484,Nurse-informed-01,2025-01-01,2025-01-31,1.0,Network-Hospital-A,http://purl.obolibrary.org/obo/PSDO_0000129, 
202fdfd2-b249-485d-8543-412e3213e679,Nurse-language-01,2024-02-01,2024-02-29,1.0,Network-Hospital-A,http://purl.obolibrary.org/obo/PSDO_0000129, 
8c6bbf72-13da-4b73-b865-df8e8c28e141,Nurse-language-01,2024-03-01,2024-03-31,1.0,Network-Hospital-A,http://purl.obolibrary.org/obo/PSDO_0000129, 
4a1c8f59-72e5-496c-9fc9-383760ce343b,Nurse-language-01,2024-04-01,2024-04-30,1.0,Network-Hospital-A,http://purl.obolibrary.org/obo/PSDO_0000129, 
225fb268-3512-4792-81ba-5f6e62479753,Nurse-language-01,2024-05-01,2024-05-31,1.0,Network-Hospital-A,http://purl.obolibrary.org/obo/PSDO_0000129, 
6e1f2755-c0bc-4930-8615-0e8ffe831436,Nurse-language-01,2024-06-01,2024-06-30,1.0,Network-Hospital-A,http://purl.obolibrary.org/obo/PSDO_0000129, 
9033f129-d810-430c-95e2-3faf2eeb635f,Nurse-language-01,2024-07-01,2024-07-31,1.0,Network-Hospital-A,http://purl.obolibrary.org/obo/PSDO_0000129, 
62a76446-c021-4c02-aa48-9ceceb7d715c,Nurse-language-01,2024-08-01,2024-08-31,1.0,Network-Hospital-A,http://purl.obolibrary.org/obo/PSDO_0000129, 
2aa398cf-2c50-4e17-b7e6-c552061f778e,Nurse-language-01,2024-09-01,2024-09-30,1.0,Network-Hospital-A,http://purl.obolibrary.org/obo/PSDO_0000129, 
20703f5a-7d32-48cd-bcc0-4435218dd4b0,Nurse-language-01,2024-10-01,2024-10-31,1.0,Network-Hospital-A,http://purl.obolibrary.org/obo/PSDO_0000129, 
33296930-87af-4c6f-a29f-8746b0950ff1,Nurse-language-01,2024-11-01,2024-11-30,1.0,Network-Hospital-A,http://purl.obolibrary.org/obo/PSDO_0000129, 
6809a408-e21e-4d02-8662-4a8f4f59b777,Nurse-language-01,2024-12-01,2024-12-31,1.0,Network-Hospital-A,http://purl.obolibrary.org/obo/PSDO_0000129, 
2ba32257-0fc9-40fb-b793-69c9ce7851a0,Nurse-language-01,2025-01-01,2025-01-31,1.0,Network-Hospital-A,http://purl.obolibrary.org/obo/PSDO_0000129, 
cb1c18fa-3b23-4355-b4cb-6b3ffceca894,Patient-Concern-01,2024-02-01,2024-02-29,1.0,Network-Hospital-A,http://purl.obolibrary.org/obo/PSDO_0000129, 
6b5faa1c-34d6-4eff-b814-7e0a2e5c9d10,Patient-Concern-01,2024-03-01,2024-03-31,1.0,Network-Hospital-A,http://purl.obolibrary.org/obo/PSDO_0000129, 
1d1dc113-7ea5-4f83-9f14-44f674477b42,Patient-Concern-01,2024-04-01,2024-04-30,1.0,Network-Hospital-A,http://purl.obolibrary.org/obo/PSDO_0000129, 
ca1c6475-3fcd-4d92-a697-3c9e47eae23e,Patient-Concern-01,2024-05-01,2024-05-31,1.0,Network-Hospital-A,http://purl.obolibrary.org/obo/PSDO_0000129, 
46405251-a65f-45eb-9f7b-b59f31c0a60c,Patient-Concern-01,2024-06-01,2024-06-30,1.0,Network-Hospital-A,http://purl.obolibrary.org/obo/PSDO_0000129, 
8976c641-443b-4898-a7aa-b02225466e05,Patient-Concern-01,2024-07-01,2024-07-31,1.0,Network-Hospital-A,http://purl.obolibrary.org/obo/PSDO_0000129, 
deb44f8c-351f-4bd6-9066-02a3fe89a18c,Patient-Concern-01,2024-08-01,2024-08-31,1.0,Network-Hospital-A,http://purl.obolibrary.org/obo/PSDO_0000129, 
6d0b965b-32a8-43ab-88fc-a17449b06709,Patient-Concern-01,2024-09-01,2024-09-30,1.0,Network-Hospital-A,http://purl.obolibrary.org/obo/PSDO_0000129, 
12aac3f4-46ee-45f6-9ef8-a2ec08bf335b,Patient-Concern-01,2024-10-01,2024-10-31,1.0,Network-Hospital-A,http://purl.obolibrary.org/obo/PSDO_0000129, 
b661e5d6-e7fc-4c05-81bc-c71bb8ac79ee,Patient-Concern-01,2024-11-01,2024-11-30,1.0,Network-Hospital-A,http://purl.obolibrary.org/obo/PSDO_0000129, 
410bdad2-4eb3-4336-b8d9-b233bffb6e67,Patient-Concern-01,2024-12-01,2024-12-31,1.0,Network-Hospital-A,http://purl.obolibrary.org/obo/PSDO_0000129, 
8bfb94ac-0f92-4aff-8202-6d56cf2b6951,Patient-Concern-01,2025-01-01,2025-01-31,1.0,Network-Hospital-A,http://purl.obolibrary.org/obo/PSDO_0000129, 
8efd42d8-99f8-4d36-82b8-60b6f2092665,Physician-informed-01,2024-02-01,2024-02-29,0.99,Network-Hospital-A,http://purl.obolibrary.org/obo/PSDO_0000129, 
dfd25482-1cb9-4098-8f07-b1b6ca6ef45d,Physician-informed-01,2024-03-01,2024-03-31,1.0,Network-Hospital-A,http://purl.obolibrary.org/obo/PSDO_0000129, 
91c46417-460a-49de-b147-4fe88ee60639,Physician-informed-01,2024-04-01,2024-04-30,1.0,Network-Hospital-A,http://purl.obolibrary.org/obo/PSDO_0000129, 
f126d9a3-b53f-42f4-8764-5ba75dd157d7,Physician-informed-01,2024-05-01,2024-05-31,1.0,Network-Hospital-A,http://purl.obolibrary.org/obo/PSDO_0000129, 
771f6b3d-1b96-482b-8060-db5489053566,Physician-informed-01,2024-06-01,2024-06-30,1.0,Network-Hospital-A,http://purl.obolibrary.org/obo/PSDO_0000129, 
74baa4e9-53d4-4671-b63b-9613b51314c1,Physician-informed-01,2024-07-01,2024-07-31,1.0,Network-Hospital-A,http://purl.obolibrary.org/obo/PSDO_0000129, 
ade947ca-fe60-4449-a1a1-e730fc2478f6,Physician-informed-01,2024-08-01,2024-08-31,1.0,Network-Hospital-A,http://purl.obolibrary.org/obo/PSDO_0000129, 
69b10442-cd21-4778-b0dd-c1bf87136287,Physician-informed-01,2024-09-01,2024-09-30,0.99,Network-Hospital-A,http://purl.obolibrary.org/obo/PSDO_0000129, 
04390861-65e3-4135-bf17-4ab60ca3a6bc,Physician-informed-01,2024-10-01,2024-10-31,1.0,Network-Hospital-A,http://purl.obolibrary.org/obo/PSDO_0000129, 
d2cf7804-17ca-4fde-ba80-37899fd607a9,Physician-informed-01,2024-11-01,2024-11-30,1.0,Network-Hospital-A,http://purl.obolibrary.org/obo/PSDO_0000129, 
8b6d0ab7-1a93-4a26-b307-e2e6367df257,Physician-informed-01,2024-12-01,2024-12-31,1.0,Network-Hospital-A,http://purl.obolibrary.org/obo/PSDO_0000129, 
266cb937-b201-44cd-8437-82d53e4fbe39,Physician-informed-01,2025-01-01,2025-01-31,1.0,Network-Hospital-A,http://purl.obolibrary.org/obo/PSDO_0000129, 
b37981ec-d293-438e-9ec3-9b6cb29f662d,Physician-language-01,2024-02-01,2024-02-29,1.0,Network-Hospital-A,http://purl.obolibrary.org/obo/PSDO_0000129, 
569a7302-b51f-4e13-8646-a9becaf824de,Physician-language-01,2024-03-01,2024-03-31,1.0,Network-Hospital-A,http://purl.obolibrary.org/obo/PSDO_0000129, 
c0701171-66e9-4252-9403-77208a43f8e0,Physician-language-01,2024-04-01,2024-04-30,1.0,Network-Hospital-A,http://purl.obolibrary.org/obo/PSDO_0000129, 
f8d178c3-ad33-476b-b5a3-e089a042f171,Physician-language-01,2024-05-01,2024-05-31,1.0,Network-Hospital-A,http://purl.obolibrary.org/obo/PSDO_0000129, 
33269d65-72c2-4246-9661-9fdcd1103bd4,Physician-language-01,2024-06-01,2024-06-30,1.0,Network-Hospital-A,http://purl.obolibrary.org/obo/PSDO_0000129, 
174c0127-a242-4571-9330-42b3f58d3388,Physician-language-01,2024-07-01,2024-07-31,1.0,Network-Hospital-A,http://purl.obolibrary.org/obo/PSDO_0000129, 
fb7ad60b-aefe-4346-a3f8-dff69c3a0472,Physician-language-01,2024-08-01,2024-08-31,1.0,Network-Hospital-A,http://purl.obolibrary.org/obo/PSDO_0000129, 
9e3c5c5f-f974-428a-8adb-67cd61653d03,Physician-language-01,2024-09-01,2024-09-30,1.0,Network-Hospital-A,http://purl.obolibrary.org/obo/PSDO_0000129, 
e02b3c46-d9c5-4c3d-9f61-98e4ebfd66bc,Physician-language-01,2024-10-01,2024-10-31,1.0,Network-Hospital-A,http://purl.obolibrary.org/obo/PSDO_0000129, 
a8fd89d6-06a5-422d-82a4-c39d68f06013,Physician-language-01,2024-11-01,2024-11-30,1.0,Network-Hospital-A,http://purl.obolibrary.org/obo/PSDO_0000129, 
4d30db1b-c379-4a9d-9913-e9f4c1e9a0ed,Physician-language-01,2024-12-01,2024-12-31,1.0,Network-Hospital-A,http://purl.obolibrary.org/obo/PSDO_0000129, 
1279b498-559c-4b95-9863-2171eb0aeaa4,Physician-language-01,2025-01-01,2025-01-31,1.0,Network-Hospital-A,http://purl.obolibrary.org/obo/PSDO_0000129, 
31e6df94-0e0b-4003-8643-1a13fa93850f,Provider-Rating-01,2024-02-01,2024-02-29,1.0,Network-Hospital-A,http://purl.obolibrary.org/obo/PSDO_0000129, 
b5b0f482-b4c0-44a0-9cad-c98ebd316917,Provider-Rating-01,2024-03-01,2024-03-31,1.0,Network-Hospital-A,http://purl.obolibrary.org/obo/PSDO_0000129, 
7c04700c-2881-4137-b096-f8a9c5240e15,Provider-Rating-01,2024-04-01,2024-04-30,1.0,Network-Hospital-A,http://purl.obolibrary.org/obo/PSDO_0000129, 
26357da6-4cd1-4179-b669-907a8e4968ae,Provider-Rating-01,2024-05-01,2024-05-31,1.0,Network-Hospital-A,http://purl.obolibrary.org/obo/PSDO_0000129, 
7b107d8e-85ec-47f8-93e8-84e3857dc08c,Provider-Rating-01,2024-06-01,2024-06-30,1.0,Network-Hospital-A,http://purl.obolibrary.org/obo/PSDO_0000129, 
6849e0fd-b8a9-47af-be2b-a851860f7a84,Provider-Rating-01,2024-07-01,2024-07-31,1.0,Network-Hospital-A,http://purl.obolibrary.org/obo/PSDO_0000129, 
4f045f2b-20dd-48d4-9f43-de5f49709f1f,Provider-Rating-01,2024-08-01,2024-08-31,1.0,Network-Hospital-A,http://purl.obolibrary.org/obo/PSDO_0000129, 
5cec649a-364f-480c-83f3-4800cb44cad2,Provider-Rating-01,2024-09-01,2024-09-30,1.0,Network-Hospital-A,http://purl.obolibrary.org/obo/PSDO_0000129, 
6df3c6ad-8996-4442-b04b-19c4c2457763,Provider-Rating-01,2024-10-01,2024-10-31,1.0,Network-Hospital-A,http://purl.obolibrary.org/obo/PSDO_0000129, 
758508b1-3128-4ea5-89f3-2b868e1d28bc,Provider-Rating-01,2024-11-01,2024-11-30,1.0,Network-Hospital-A,http://purl.obolibrary.org/obo/PSDO_0000129, 
df511381-d542-4f6a-a926-561a08dbc2d4,Provider-Rating-01,2024-12-01,2024-12-31,1.0,Network-Hospital-A,http://purl.obolibrary.org/obo/PSDO_0000129, 
4a368e19-8abf-4eca-97a7-45d6fda86009,Provider-Rating-01,2025-01-01,2025-01-31,1.0,Network-Hospital-A,http://purl.obolibrary.org/obo/PSDO_0000129, 
f35e7798-509d-4fda-a67a-163f1b76b9a3,Quiet-Rating-01,2024-02-01,2024-02-29,0.9,Network-Hospital-A,http://purl.obolibrary.org/obo/PSDO_0000129, 
dfe1c09b-1f90-4e19-b85b-b446ffd851a3,Quiet-Rating-01,2024-03-01,2024-03-31,0.91,Network-Hospital-A,http://purl.obolibrary.org/obo/PSDO_0000129, 
0285db3a-1b5d-42d6-9b01-5664d196b396,Quiet-Rating-01,2024-04-01,2024-04-30,0.89,Network-Hospital-A,http://purl.obolibrary.org/obo/PSDO_0000129, 
749ec9a2-4674-4b7d-962b-43e9f1811d1e,Quiet-Rating-01,2024-05-01,2024-05-31,0.91,Network-Hospital-A,http://purl.obolibrary.org/obo/PSDO_0000129, 
ce01064c-9d5c-42e7-9a66-213d980958e8,Quiet-Rating-01,2024-06-01,2024-06-30,0.91,Network-Hospital-A,http://purl.obolibrary.org/obo/PSDO_0000129, 
b14dc17f-bc6c-4520-9a37-fe4adbe4fd40,Quiet-Rating-01,2024-07-01,2024-07-31,0.93,Network-Hospital-A,http://purl.obolibrary.org/obo/PSDO_0000129, 
059f24e7-6c12-461d-aa38-8bea3cd49d1a,Quiet-Rating-01,2024-08-01,2024-08-31,0.93,Network-Hospital-A,http://purl.obolibrary.org/obo/PSDO_0000129, 
616fd969-36b8-4702-a994-1249a3e305c9,Quiet-Rating-01,2024-09-01,2024-09-30,0.93,Network-Hospital-A,http://purl.obolibrary.org/obo/PSDO_0000129, 
ecc07827-d3b8-4088-ba07-314b75794654,Quiet-Rating-01,2024-10-01,2024-10-31,0.91,Network-Hospital-A,http://purl.obolibrary.org/obo/PSDO_0000129, 
05794ec2-2716-4b50-b859-7addfd095a13,Quiet-Rating-01,2024-11-01,2024-11-30,0.92,Network-Hospital-A,http://purl.obolibrary.org/obo/PSDO_0000129, 
6e83c1f1-156b-4dea-b245-3963facf836c,Quiet-Rating-01,2024-12-01,2024-12-31,0.9,Network-Hospital-A,http://purl.obolibrary.org/obo/PSDO_0000129, 
5807959a-73f3-4728-8a1c-ea000b042c96,Quiet-Rating-01,2025-01-01,2025-01-31,0.89,Network-Hospital-A,http://purl.obolibrary.org/obo/PSDO_0000129, 
8ac48818-c411-4d97-bebe-d0d1b02cce0a,Transfer-01,2024-02-01,2024-02-29,0.68,Network-Hospital-A,http://purl.obolibrary.org/obo/PSDO_0000129, 
7d6c2ab3-6d08-4a24-b2df-42932eeebc9e,Transfer-01,2024-03-01,2024-03-31,0.66,Network-Hospital-A,http://purl.obolibrary.org/obo/PSDO_0000129, 
d2642d8f-0462-4b50-a5ad-61939f399f75,Transfer-01,2024-04-01,2024-04-30,0.68,Network-Hospital-A,http://purl.obolibrary.org/obo/PSDO_0000129, 
21b2ee02-0ea6-433b-a405-65f53783cdd3,Transfer-01,2024-05-01,2024-05-31,0.64,Network-Hospital-A,http://purl.obolibrary.org/obo/PSDO_0000129, 
9c3fce60-7d40-48fa-bd6a-e83a1384c7fc,Transfer-01,2024-06-01,2024-06-30,0.67,Network-Hospital-A,http://purl.obolibrary.org/obo/PSDO_0000129, 
9a59f650-7ce9-43ad-9e4a-88bd2fc873bd,Transfer-01,2024-07-01,2024-07-31,0.68,Network-Hospital-A,http://purl.obolibrary.org/obo/PSDO_0000129, 
625b5f29-f390-4997-94b9-caf583582fc1,Transfer-01,2024-08-01,2024-08-31,0.68,Network-Hospital-A,http://purl.obolibrary.org/obo/PSDO_0000129, 
fe261422-fa21-410b-a341-8b854e9ddbaa,Transfer-01,2024-09-01,2024-09-30,0.69,Network-Hospital-A,http://purl.obolibrary.org/obo/PSDO_0000129, 
0f726774-5f77-4072-aa46-9b8697ec3923,Transfer-01,2024-10-01,2024-10-31,0.71,Network-Hospital-A,http://purl.obolibrary.org/obo/PSDO_0000129, 
19e1c9b6-7007-4e45-aa57-7a8eb523581f,Transfer-01,2024-11-01,2024-11-30,0.69,Network-Hospital-A,http://purl.obolibrary.org/obo/PSDO_0000129, 
a383f2f6-2c3c-4d94-bd67-cb419cd232a7,Transfer-01,2024-12-01,2024-12-31,0.7,Network-Hospital-A,http://purl.obolibrary.org/obo/PSDO_0000129, 
00bca9ab-d213-4508-8912-45498f0714b4,Transfer-01,2025-01-01,2025-01-31,0.68,Network-Hospital-A,http://purl.obolibrary.org/obo/PSDO_0000129, 
9a29567b-9008-42f7-99be-861eb77d9343,Care-Rating-01,2024-02-01,2024-02-29,0.9,Network-Hospital-A,http://purl.obolibrary.org/obo/PSDO_0000126, 
30e0a3b5-6961-44e5-a8c8-0dcfb7b4db7b,Care-Rating-01,2024-03-01,2024-03-31,0.93,Network-Hospital-A,http://purl.obolibrary.org/obo/PSDO_0000126, 
058bee55-3e30-4a95-b1d3-8f2b802071f5,Care-Rating-01,2024-04-01,2024-04-30,0.93,Network-Hospital-A,http://purl.obolibrary.org/obo/PSDO_0000126, 
f5b71d74-44cf-4307-8963-eecc24d9a625,Care-Rating-01,2024-05-01,2024-05-31,0.91,Network-Hospital-A,http://purl.obolibrary.org/obo/PSDO_0000126, 
4d46e81a-b420-4c03-ada1-569f264af7fa,Care-Rating-01,2024-06-01,2024-06-30,0.92,Network-Hospital-A,http://purl.obolibrary.org/obo/PSDO_0000126, 
dc89efb8-9837-4758-9fac-00d0d479180d,Care-Rating-01,2024-07-01,2024-07-31,0.94,Network-Hospital-A,http://purl.obolibrary.org/obo/PSDO_0000126, 
301c2718-6149-4422-8224-63e5be2b3e35,Care-Rating-01,2024-08-01,2024-08-31,0.9,Network-Hospital-A,http://purl.obolibrary.org/obo/PSDO_0000126, 
94ce2de2-a68e-4d94-8248-db6b3b96e8aa,Care-Rating-01,2024-09-01,2024-09-30,0.91,Network-Hospital-A,http://purl.obolibrary.org/obo/PSDO_0000126, 
c9771451-e3dd-41ab-afe3-8ee359a07585,Care-Rating-01,2024-10-01,2024-10-31,0.94,Network-Hospital-A,http://purl.obolibrary.org/obo/PSDO_0000126, 
f2e5851f-a2c2-409e-93f2-96bc0f1702d7,Care-Rating-01,2024-11-01,2024-11-30,0.94,Network-Hospital-A,http://purl.obolibrary.org/obo/PSDO_0000126, 
f2b784e9-46c9-4e37-9796-11b9b9ee3e12,Care-Rating-01,2024-12-01,2024-12-31,0.94,Network-Hospital-A,http://purl.obolibrary.org/obo/PSDO_0000126, 
a44a5b6d-2804-4f05-8849-7ad3f22edb07,Care-Rating-01,2025-01-01,2025-01-31,0.92,Network-Hospital-A,http://purl.obolibrary.org/obo/PSDO_0000126, 
8c6d01f8-d757-452e-9e8e-64521d1e3ed5,Clean-Rating-01,2024-02-01,2024-02-29,0.82,Network-Hospital-A,http://purl.obolibrary.org/obo/PSDO_0000126, 
861453c6-86f2-4e6e-ad1b-1d944d275d40,Clean-Rating-01,2024-03-01,2024-03-31,0.83,Network-Hospital-A,http://purl.obolibrary.org/obo/PSDO_0000126, 
e7fdfc7f-26a7-425c-ab21-c40eb3a50131,Clean-Rating-01,2024-04-01,2024-04-30,0.81,Network-Hospital-A,http://purl.obolibrary.org/obo/PSDO_0000126, 
41394c21-badb-49cd-b976-3d2154c23dbd,Clean-Rating-01,2024-05-01,2024-05-31,0.83,Network-Hospital-A,http://purl.obolibrary.org/obo/PSDO_0000126, 
1bf0597c-462e-49c2-9920-54f48650b0a9,Clean-Rating-01,2024-06-01,2024-06-30,0.84,Network-Hospital-A,http://purl.obolibrary.org/obo/PSDO_0000126, 
759477c1-2dd0-44d1-8e65-d4ee13db3b11,Clean-Rating-01,2024-07-01,2024-07-31,0.82,Network-Hospital-A,http://purl.obolibrary.org/obo/PSDO_0000126, 
4342da22-0833-40b4-a6d5-2ab546cc1f82,Clean-Rating-01,2024-08-01,2024-08-31,0.83,Network-Hospital-A,http://purl.obolibrary.org/obo/PSDO_0000126, 
d233131d-ca95-44a0-8816-f781254b848d,Clean-Rating-01,2024-09-01,2024-09-30,0.82,Network-Hospital-A,http://purl.obolibrary.org/obo/PSDO_0000126, 
5f4ea6a3-738b-4b6f-be75-f238bae229ec,Clean-Rating-01,2024-10-01,2024-10-31,0.83,Network-Hospital-A,http://purl.obolibrary.org/obo/PSDO_0000126, 
e0e6a605-7df2-4b9f-9156-471104d48e66,Clean-Rating-01,2024-11-01,2024-11-30,0.85,Network-Hospital-A,http://purl.obolibrary.org/obo/PSDO_0000126, 
9f0b205f-8672-4a1c-9ebe-d4624d746042,Clean-Rating-01,2024-12-01,2024-12-31,0.84,Network-Hospital-A,http://purl.obolibrary.org/obo/PSDO_0000126, 
12d9d0d9-4b10-4c73-a702-2bbc36c1e9ac,Clean-Rating-01,2025-01-01,2025-01-31,0.87,Network-Hospital-A,http://purl.obolibrary.org/obo/PSDO_0000126, 
5ddeeb01-8bd7-45e1-98e9-74c5b20d5756,Discharge-01,2024-02-01,2024-02-29,0.8,Network-Hospital-A,http://purl.obolibrary.org/obo/PSDO_0000126, 
ed0aa21e-72b4-4e1f-aae3-b1427c33eb04,Discharge-01,2024-03-01,2024-03-31,0.82,Network-Hospital-A,http://purl.obolibrary.org/obo/PSDO_0000126, 
fe99a3af-b118-47f6-b903-2741b85f811c,Discharge-01,2024-04-01,2024-04-30,0.83,Network-Hospital-A,http://purl.obolibrary.org/obo/PSDO_0000126, 
925fad9e-2da4-42de-9eeb-0a4e6dd63364,Discharge-01,2024-05-01,2024-05-31,0.82,Network-Hospital-A,http://purl.obolibrary.org/obo/PSDO_0000126, 
bcaaea89-8413-4ba2-b23b-835aecf1f593,Discharge-01,2024-06-01,2024-06-30,0.84,Network-Hospital-A,http://purl.obolibrary.org/obo/PSDO_0000126, 
667d9115-dace-438b-85c9-2b1724a23480,Discharge-01,2024-07-01,2024-07-31,0.81,Network-Hospital-A,http://purl.obolibrary.org/obo/PSDO_0000126, 
949d86c5-bac9-4a90-bd28-1f022712f43e,Discharge-01,2024-08-01,2024-08-31,0.82,Network-Hospital-A,http://purl.obolibrary.org/obo/PSDO_0000126, 
0278a779-c470-40a0-8942-ca8669b340d1,Discharge-01,2024-09-01,2024-09-30,0.82,Network-Hospital-A,http://purl.obolibrary.org/obo/PSDO_0000126, 
dc772d62-f63b-4cc2-8250-595949ae83e4,Discharge-01,2024-10-01,2024-10-31,0.81,Network-Hospital-A,http://purl.obolibrary.org/obo/PSDO_0000126, 
1315fd51-d660-41ec-9683-1a820cb1c90d,Discharge-01,2024-11-01,2024-11-30,0.82,Network-Hospital-A,http://purl.obolibrary.org/obo/PSDO_0000126, 
18b697b9-7ff5-4fd2-88c4-0c6bb1ac7749,Discharge-01,2024-12-01,2024-12-31,0.84,Network-Hospital-A,http://purl.obolibrary.org/obo/PSDO_0000126, 
e1f4b1d8-0daf-4dc9-9618-04dfb69eff66,Discharge-01,2025-01-01,2025-01-31,0.84,Network-Hospital-A,http://purl.obolibrary.org/obo/PSDO_0000126, 
d7d884e5-7b5c-4e4d-bdf0-ae4182453ebe,Hand-01,2024-02-01,2024-02-29,0.93,Network-Hospital-A,http://purl.obolibrary.org/obo/PSDO_0000126, 
ca940f8d-0d5f-4971-8410-8b8d03e8fa3e,Hand-01,2024-03-01,2024-03-31,0.93,Network-Hospital-A,http://purl.obolibrary.org/obo/PSDO_0000126, 
bcec31eb-dc84-4cc2-9ef3-d06b1272be8c,Hand-01,2024-04-01,2024-04-30,0.96,Network-Hospital-A,http://purl.obolibrary.org/obo/PSDO_0000126, 
7e4223c1-cacc-4bfe-8bc0-b0fb3808538a,Hand-01,2024-05-01,2024-05-31,0.94,Network-Hospital-A,http://purl.obolibrary.org/obo/PSDO_0000126, 
5caa4f32-7118-4d6e-9fd2-b672ac216433,Hand-01,2024-06-01,2024-06-30,0.92,Network-Hospital-A,http://purl.obolibrary.org/obo/PSDO_0000126, 
d0416cfc-bc1f-48d1-99c6-0dd6a8401c8d,Hand-01,2024-07-01,2024-07-31,0.94,Network-Hospital-A,http://purl.obolibrary.org/obo/PSDO_0000126, 
890c8c6a-0b05-4ef4-8b85-2d368f4e42b1,Hand-01,2024-08-01,2024-08-31,0.94,Network-Hospital-A,http://purl.obolibrary.org/obo/PSDO_0000126, 
4e0f317f-b737-412b-a0bb-209d4ea9fa8b,Hand-01,2024-09-01,2024-09-30,0.94,Network-Hospital-A,http://purl.obolibrary.org/obo/PSDO_0000126, 
476c78a2-5bfa-4e7f-8fd8-afbffdd9b854,Hand-01,2024-10-01,2024-10-31,0.92,Network-Hospital-A,http://purl.obolibrary.org/obo/PSDO_0000126, 
b51c59a7-a964-4ddd-9e1a-e3b1c3037d88,Hand-01,2024-11-01,2024-11-30,0.94,Network-Hospital-A,http://purl.obolibrary.org/obo/PSDO_0000126, 
1f864524-1d62-4b1b-9652-107755752eec,Hand-01,2024-12-01,2024-12-31,0.96,Network-Hospital-A,http://purl.obolibrary.org/obo/PSDO_0000126, 
2fee00d0-5da1-4a4c-8dae-61821bcdac7c,Hand-01,2025-01-01,2025-01-31,0.94,Network-Hospital-A,http://purl.obolibrary.org/obo/PSDO_0000126, 
c3871c68-db63-4e99-9748-b95da4128df7,Nurse-informed-01,2024-02-01,2024-02-29,0.87,Network-Hospital-A,http://purl.obolibrary.org/obo/PSDO_0000126, 
64c8a9be-497f-49af-af77-d173159211e2,Nurse-informed-01,2024-03-01,2024-03-31,0.9,Network-Hospital-A,http://purl.obolibrary.org/obo/PSDO_0000126, 
004682cd-75f0-4154-aaf2-eb839982fac1,Nurse-informed-01,2024-04-01,2024-04-30,0.88,Network-Hospital-A,http://purl.obolibrary.org/obo/PSDO_0000126, 
797a914a-170f-416b-80c5-b3c3b2060285,Nurse-informed-01,2024-05-01,2024-05-31,0.88,Network-Hospital-A,http://purl.obolibrary.org/obo/PSDO_0000126, 
d73a53f1-eed9-4b51-b1ec-1eeea0f7d716,Nurse-informed-01,2024-06-01,2024-06-30,0.9,Network-Hospital-A,http://purl.obolibrary.org/obo/PSDO_0000126, 
197437d2-6120-4d05-aefd-5c41dbd2b2f1,Nurse-informed-01,2024-07-01,2024-07-31,0.89,Network-Hospital-A,http://purl.obolibrary.org/obo/PSDO_0000126, 
6e584896-d29e-43df-af7b-a584b6840cff,Nurse-informed-01,2024-08-01,2024-08-31,0.89,Network-Hospital-A,http://purl.obolibrary.org/obo/PSDO_0000126, 
b417891f-ca48-4766-b993-701a5c610270,Nurse-informed-01,2024-09-01,2024-09-30,0.89,Network-Hospital-A,http://purl.obolibrary.org/obo/PSDO_0000126, 
fb2b3edc-d0bb-424c-b4c6-4a1240fbbf9e,Nurse-informed-01,2024-10-01,2024-10-31,0.91,Network-Hospital-A,http://purl.obolibrary.org/obo/PSDO_0000126, 
4f53d8c9-1d11-4fd1-a788-7522e125277f,Nurse-informed-01,2024-11-01,2024-11-30,0.89,Network-Hospital-A,http://purl.obolibrary.org/obo/PSDO_0000126, 
8da6c264-de8f-4c23-a9c6-7cfd19490bf4,Nurse-informed-01,2024-12-01,2024-12-31,0.9,Network-Hospital-A,http://purl.obolibrary.org/obo/PSDO_0000126, 
213881d7-3e96-41c4-a929-99df5d220b24,Nurse-informed-01,2025-01-01,2025-01-31,0.9,Network-Hospital-A,http://purl.obolibrary.org/obo/PSDO_0000126, 
74ef5659-d448-4bfd-950a-69facdb4f9f8,Nurse-language-01,2024-02-01,2024-02-29,0.94,Network-Hospital-A,http://purl.obolibrary.org/obo/PSDO_0000126, 
6038c081-764f-469d-a93e-265ac6d2ca3d,Nurse-language-01,2024-03-01,2024-03-31,0.93,Network-Hospital-A,http://purl.obolibrary.org/obo/PSDO_0000126, 
83d1f606-68a6-4f65-910d-81de7a483fd5,Nurse-language-01,2024-04-01,2024-04-30,0.94,Network-Hospital-A,http://purl.obolibrary.org/obo/PSDO_0000126, 
fefa01eb-d75a-40e8-9ab0-25f7b9112294,Nurse-language-01,2024-05-01,2024-05-31,0.91,Network-Hospital-A,http://purl.obolibrary.org/obo/PSDO_0000126, 
f79dc011-7726-4bfc-8b94-cfe32d9816e6,Nurse-language-01,2024-06-01,2024-06-30,0.92,Network-Hospital-A,http://purl.obolibrary.org/obo/PSDO_0000126, 
4d3d254e-8c32-43d4-92cf-97b35a94acdc,Nurse-language-01,2024-07-01,2024-07-31,0.93,Network-Hospital-A,http://purl.obolibrary.org/obo/PSDO_0000126, 
14292191-9344-42de-8451-d3bc082203e2,Nurse-language-01,2024-08-01,2024-08-31,0.95,Network-Hospital-A,http://purl.obolibrary.org/obo/PSDO_0000126, 
5c0d4a1f-a017-4a83-9673-a81453f4e90b,Nurse-language-01,2024-09-01,2024-09-30,0.93,Network-Hospital-A,http://purl.obolibrary.org/obo/PSDO_0000126, 
7e4a85d5-1de9-4baf-a633-56d0198e92a9,Nurse-language-01,2024-10-01,2024-10-31,0.93,Network-Hospital-A,http://purl.obolibrary.org/obo/PSDO_0000126, 
e12a0cc8-2991-48d8-8405-83a4176960c7,Nurse-language-01,2024-11-01,2024-11-30,0.94,Network-Hospital-A,http://purl.obolibrary.org/obo/PSDO_0000126, 
9bcf3969-6555-45e9-a81d-fa9e2e192e45,Nurse-language-01,2024-12-01,2024-12-31,0.95,Network-Hospital-A,http://purl.obolibrary.org/obo/PSDO_0000126, 
d8c7164d-9e51-45ec-b49e-253256195fd7,Nurse-language-01,2025-01-01,2025-01-31,0.92,Network-Hospital-A,http://purl.obolibrary.org/obo/PSDO_0000126, 
7250ce73-b384-4e97-aa9b-b5d92139782e,Patient-Concern-01,2024-02-01,2024-02-29,0.94,Network-Hospital-A,http://purl.obolibrary.org/obo/PSDO_0000126, 
77f52825-f0dc-4477-a0c2-917dda3face0,Patient-Concern-01,2024-03-01,2024-03-31,0.94,Network-Hospital-A,http://purl.obolibrary.org/obo/PSDO_0000126, 
82b58eaf-6153-49fa-aaea-641c29b9ea5f,Patient-Concern-01,2024-04-01,2024-04-30,0.96,Network-Hospital-A,http://purl.obolibrary.org/obo/PSDO_0000126, 
8660dc49-1a4d-481d-a7ea-b47f3fc2e2ef,Patient-Concern-01,2024-05-01,2024-05-31,0.96,Network-Hospital-A,http://purl.obolibrary.org/obo/PSDO_0000126, 
464d5c74-efa4-4a6a-8ca7-97c0a8769ed2,Patient-Concern-01,2024-06-01,2024-06-30,0.95,Network-Hospital-A,http://purl.obolibrary.org/obo/PSDO_0000126, 
99cb6276-6f3b-43e8-82e2-341d3779abf8,Patient-Concern-01,2024-07-01,2024-07-31,0.95,Network-Hospital-A,http://purl.obolibrary.org/obo/PSDO_0000126, 
89975031-978f-4bed-ad7f-21dd82e08e40,Patient-Concern-01,2024-08-01,2024-08-31,0.95,Network-Hospital-A,http://purl.obolibrary.org/obo/PSDO_0000126, 
a4ede246-bd4a-47cc-bec2-fcc14cc1ee02,Patient-Concern-01,2024-09-01,2024-09-30,0.96,Network-Hospital-A,http://purl.obolibrary.org/obo/PSDO_0000126, 
c81ee4de-18a0-4647-beb7-2aa3507f0d73,Patient-Concern-01,2024-10-01,2024-10-31,0.95,Network-Hospital-A,http://purl.obolibrary.org/obo/PSDO_0000126, 
99a588fb-7ba6-45c7-89a9-1f795dc9247e,Patient-Concern-01,2024-11-01,2024-11-30,0.96,Network-Hospital-A,http://purl.obolibrary.org/obo/PSDO_0000126, 
1c75f896-5722-4968-901e-376b6d27e4b6,Patient-Concern-01,2024-12-01,2024-12-31,0.97,Network-Hospital-A,http://purl.obolibrary.org/obo/PSDO_0000126, 
e68e3ec7-c9ed-4ce0-8952-98e5ccf1d438,Patient-Concern-01,2025-01-01,2025-01-31,0.95,Network-Hospital-A,http://purl.obolibrary.org/obo/PSDO_0000126, 
2bcea5f4-f66a-47cc-92a0-00f37bc5ac35,Physician-informed-01,2024-02-01,2024-02-29,0.81,Network-Hospital-A,http://purl.obolibrary.org/obo/PSDO_0000126, 
725b5f19-177b-41e0-b367-9b9cfb853e1f,Physician-informed-01,2024-03-01,2024-03-31,0.86,Network-Hospital-A,http://purl.obolibrary.org/obo/PSDO_0000126, 
a9d7ce83-4553-490d-bb17-388c682da60b,Physician-informed-01,2024-04-01,2024-04-30,0.82,Network-Hospital-A,http://purl.obolibrary.org/obo/PSDO_0000126, 
0ca02570-3bcb-42e0-90ed-1ce838218482,Physician-informed-01,2024-05-01,2024-05-31,0.81,Network-Hospital-A,http://purl.obolibrary.org/obo/PSDO_0000126, 
baf97f33-d848-42ef-9291-29bad24194e1,Physician-informed-01,2024-06-01,2024-06-30,0.84,Network-Hospital-A,http://purl.obolibrary.org/obo/PSDO_0000126, 
e6162961-fa6b-4110-a7f4-553c044c8f4e,Physician-informed-01,2024-07-01,2024-07-31,0.84,Network-Hospital-A,http://purl.obolibrary.org/obo/PSDO_0000126, 
152c03e5-3f85-491d-bd7a-dc5ad3017c5e,Physician-informed-01,2024-08-01,2024-08-31,0.84,Network-Hospital-A,http://purl.obolibrary.org/obo/PSDO_0000126, 
60837fea-1f52-41e5-ba95-b9f8027c5653,Physician-informed-01,2024-09-01,2024-09-30,0.83,Network-Hospital-A,http://purl.obolibrary.org/obo/PSDO_0000126, 
a8474263-6149-422c-b086-c6464c34df87,Physician-informed-01,2024-10-01,2024-10-31,0.86,Network-Hospital-A,http://purl.obolibrary.org/obo/PSDO_0000126, 
b4b1100b-12b2-417e-b97b-ba47c2cd9eff,Physician-informed-01,2024-11-01,2024-11-30,0.88,Network-Hospital-A,http://purl.obolibrary.org/obo/PSDO_0000126, 
d8a423d3-1cd3-491e-8138-07dd9b35d74b,Physician-informed-01,2024-12-01,2024-12-31,0.84,Network-Hospital-A,http://purl.obolibrary.org/obo/PSDO_0000126, 
4dc3db90-d361-4afb-a4b0-24f1abddfdcf,Physician-informed-01,2025-01-01,2025-01-31,0.87,Network-Hospital-A,http://purl.obolibrary.org/obo/PSDO_0000126, 
2317cb33-27fe-4aeb-b211-138c321caa84,Physician-language-01,2024-02-01,2024-02-29,0.88,Network-Hospital-A,http://purl.obolibrary.org/obo/PSDO_0000126, 
524d83a1-df49-418c-8216-31fe392bca23,Physician-language-01,2024-03-01,2024-03-31,0.89,Network-Hospital-A,http://purl.obolibrary.org/obo/PSDO_0000126, 
df3949ec-81d4-4bc4-8443-a217968bb644,Physician-language-01,2024-04-01,2024-04-30,0.89,Network-Hospital-A,http://purl.obolibrary.org/obo/PSDO_0000126, 
4a88c3b2-0c4d-4861-b29b-3a7851422a0d,Physician-language-01,2024-05-01,2024-05-31,0.9,Network-Hospital-A,http://purl.obolibrary.org/obo/PSDO_0000126, 
dafb5c20-89dc-4c02-b910-848bd22afc77,Physician-language-01,2024-06-01,2024-06-30,0.86,Network-Hospital-A,http://purl.obolibrary.org/obo/PSDO_0000126, 
c0b97792-8f88-48af-91ae-a0cceb452537,Physician-language-01,2024-07-01,2024-07-31,0.88,Network-Hospital-A,http://purl.obolibrary.org/obo/PSDO_0000126, 
0330f2f5-7e77-4ed1-b430-7accab978f6c,Physician-language-01,2024-08-01,2024-08-31,0.89,Network-Hospital-A,http://purl.obolibrary.org/obo/PSDO_0000126, 
b04d6120-ead9-4161-b1e1-0cccba41bf81,Physician-language-01,2024-09-01,2024-09-30,0.89,Network-Hospital-A,http://purl.obolibrary.org/obo/PSDO_0000126, 
46f04fec-ced1-40cd-a962-c07715a30f46,Physician-language-01,2024-10-01,2024-10-31,0.89,Network-Hospital-A,http://purl.obolibrary.org/obo/PSDO_0000126, 
6a6ec4d7-bfdf-48b6-9249-e132313be1f2,Physician-language-01,2024-11-01,2024-11-30,0.91,Network-Hospital-A,http://purl.obolibrary.org/obo/PSDO_0000126, 
25afd3fa-8e76-46d1-bdcc-665d1cc730fd,Physician-language-01,2024-12-01,2024-12-31,0.89,Network-Hospital-A,http://purl.obolibrary.org/obo/PSDO_0000126, 
31338d98-7077-402b-95dc-3ead6c20f97f,Physician-language-01,2025-01-01,2025-01-31,0.9,Network-Hospital-A,http://purl.obolibrary.org/obo/PSDO_0000126, 
d9e4cc3d-efbd-46c5-a8b3-1ee4625f68e5,Provider-Rating-01,2024-02-01,2024-02-29,0.9,Network-Hospital-A,http://purl.obolibrary.org/obo/PSDO_0000126, 
2e8b684b-d57c-465c-8377-762188c24cae,Provider-Rating-01,2024-03-01,2024-03-31,0.89,Network-Hospital-A,http://purl.obolibrary.org/obo/PSDO_0000126, 
8f726b97-196e-435b-976c-4d1ee7f398d7,Provider-Rating-01,2024-04-01,2024-04-30,0.9,Network-Hospital-A,http://purl.obolibrary.org/obo/PSDO_0000126, 
318950df-49d7-4f37-9edd-d53ce3f6332b,Provider-Rating-01,2024-05-01,2024-05-31,0.9,Network-Hospital-A,http://purl.obolibrary.org/obo/PSDO_0000126, 
ec19c96d-b9bd-4c7b-b7c2-a70e159af05f,Provider-Rating-01,2024-06-01,2024-06-30,0.91,Network-Hospital-A,http://purl.obolibrary.org/obo/PSDO_0000126, 
66d44166-c648-40f7-8829-12b953ba4bd3,Provider-Rating-01,2024-07-01,2024-07-31,0.9,Network-Hospital-A,http://purl.obolibrary.org/obo/PSDO_0000126, 
c3d09432-afc7-4bd1-8bad-b2a5443dce77,Provider-Rating-01,2024-08-01,2024-08-31,0.91,Network-Hospital-A,http://purl.obolibrary.org/obo/PSDO_0000126, 
9f00cfe1-70c0-495c-ba9e-e0f573d6a6ef,Provider-Rating-01,2024-09-01,2024-09-30,0.91,Network-Hospital-A,http://purl.obolibrary.org/obo/PSDO_0000126, 
e7d7c5f7-51f4-4b33-94e3-a3530e914f4a,Provider-Rating-01,2024-10-01,2024-10-31,0.92,Network-Hospital-A,http://purl.obolibrary.org/obo/PSDO_0000126, 
b37b60ba-22ea-47ad-9da6-97bb70a7a07f,Provider-Rating-01,2024-11-01,2024-11-30,0.93,Network-Hospital-A,http://purl.obolibrary.org/obo/PSDO_0000126, 
b3f4a085-d520-4aa8-80c7-963c4bee39fd,Provider-Rating-01,2024-12-01,2024-12-31,0.92,Network-Hospital-A,http://purl.obolibrary.org/obo/PSDO_0000126, 
1148d1aa-ebe5-4cc3-b06a-ce0637cb46db,Provider-Rating-01,2025-01-01,2025-01-31,0.93,Network-Hospital-A,http://purl.obolibrary.org/obo/PSDO_0000126, 
ddcc391e-e323-4056-ba80-2402fdafd052,Quiet-Rating-01,2024-02-01,2024-02-29,0.72,Network-Hospital-A,http://purl.obolibrary.org/obo/PSDO_0000126, 
19942bb2-49b2-4efa-a205-b4c295d4e5a8,Quiet-Rating-01,2024-03-01,2024-03-31,0.71,Network-Hospital-A,http://purl.obolibrary.org/obo/PSDO_0000126, 
6c0b33bb-c852-41ec-ae99-022636445d5f,Quiet-Rating-01,2024-04-01,2024-04-30,0.72,Network-Hospital-A,http://purl.obolibrary.org/obo/PSDO_0000126, 
d99b3141-3be2-4b9b-9931-fa7592969c04,Quiet-Rating-01,2024-05-01,2024-05-31,0.72,Network-Hospital-A,http://purl.obolibrary.org/obo/PSDO_0000126, 
6feace68-f00a-4520-acd3-e3befe921fae,Quiet-Rating-01,2024-06-01,2024-06-30,0.74,Network-Hospital-A,http://purl.obolibrary.org/obo/PSDO_0000126, 
bde57b2c-11a2-4350-b4ec-5088659d45e6,Quiet-Rating-01,2024-07-01,2024-07-31,0.74,Network-Hospital-A,http://purl.obolibrary.org/obo/PSDO_0000126, 
91ca907d-b1f8-489f-8a42-4318e2a25955,Quiet-Rating-01,2024-08-01,2024-08-31,0.73,Network-Hospital-A,http://purl.obolibrary.org/obo/PSDO_0000126, 
104be517-41e3-4f22-9d0b-88774d7ba44f,Quiet-Rating-01,2024-09-01,2024-09-30,0.75,Network-Hospital-A,http://purl.obolibrary.org/obo/PSDO_0000126, 
56b03bdc-bc22-4b5c-9ca8-03825823a3e8,Quiet-Rating-01,2024-10-01,2024-10-31,0.72,Network-Hospital-A,http://purl.obolibrary.org/obo/PSDO_0000126, 
1435d89d-1ef9-41b2-a83a-584c4d471bca,Quiet-Rating-01,2024-11-01,2024-11-30,0.72,Network-Hospital-A,http://purl.obolibrary.org/obo/PSDO_0000126, 
a460c962-aa86-479e-82c9-db853f63da99,Quiet-Rating-01,2024-12-01,2024-12-31,0.73,Network-Hospital-A,http://purl.obolibrary.org/obo/PSDO_0000126, 
733b2ecd-2053-41c1-a258-e967fada5477,Quiet-Rating-01,2025-01-01,2025-01-31,0.73,Network-Hospital-A,http://purl.obolibrary.org/obo/PSDO_0000126, 
bae6844f-703e-4c50-b56c-2cf591cd5bb6,Transfer-01,2024-02-01,2024-02-29,0.54,Network-Hospital-A,http://purl.obolibrary.org/obo/PSDO_0000126, 
348c3051-bde9-4b8c-9f00-260d14323a29,Transfer-01,2024-03-01,2024-03-31,0.52,Network-Hospital-A,http://purl.obolibrary.org/obo/PSDO_0000126, 
42f352b4-f9c1-4cb1-9cb3-1bdb4a0d03c3,Transfer-01,2024-04-01,2024-04-30,0.52,Network-Hospital-A,http://purl.obolibrary.org/obo/PSDO_0000126, 
4a773ad5-29aa-45f2-b893-a42b11e7f030,Transfer-01,2024-05-01,2024-05-31,0.54,Network-Hospital-A,http://purl.obolibrary.org/obo/PSDO_0000126, 
9405baae-193f-4156-a82e-9b6f53d6392d,Transfer-01,2024-06-01,2024-06-30,0.54,Network-Hospital-A,http://purl.obolibrary.org/obo/PSDO_0000126, 
74471a94-44ed-4647-9934-6f4c3664f451,Transfer-01,2024-07-01,2024-07-31,0.52,Network-Hospital-A,http://purl.obolibrary.org/obo/PSDO_0000126, 
f1ae6b60-6a43-4874-a952-fb31dc8db953,Transfer-01,2024-08-01,2024-08-31,0.54,Network-Hospital-A,http://purl.obolibrary.org/obo/PSDO_0000126, 
1cd2e9ff-99f0-4223-acc6-5dd84d9bc792,Transfer-01,2024-09-01,2024-09-30,0.55,Network-Hospital-A,http://purl.obolibrary.org/obo/PSDO_0000126, 
019a881b-f926-43e6-93f4-a3a7f6c26836,Transfer-01,2024-10-01,2024-10-31,0.55,Network-Hospital-A,http://purl.obolibrary.org/obo/PSDO_0000126, 
21d5370e-8dd9-4c79-a6eb-4460dc7f6cbf,Transfer-01,2024-11-01,2024-11-30,0.54,Network-Hospital-A,http://purl.obolibrary.org/obo/PSDO_0000126, 
0519ac15-586d-40eb-86c8-cda69247eaf8,Transfer-01,2024-12-01,2024-12-31,0.54,Network-Hospital-A,http://purl.obolibrary.org/obo/PSDO_0000126, 
d6ff79ac-0c7f-423c-b77c-3519013f9193,Transfer-01,2025-01-01,2025-01-31,0.54,Network-Hospital-A,http://purl.obolibrary.org/obo/PSDO_0000126, 
