identifier,measure,period.start,period.end,measureScore.rate,measureScore.denominator,group.subject,group.code,PractitionerRole.code
0fda05a8-0686-4731-88c6-e84dcb92b3e7,Transfer-01,2024-02-01,2024-02-29,0.73,,Network-A,http://purl.obolibrary.org/obo/PSDO_0000094, 
2fa0b381-810d-4fc3-8ec4-723178f0a149,Transfer-01,2024-03-01,2024-03-31,0.73,,Network-A,http://purl.obolibrary.org/obo/PSDO_0000094, 
42e3b54e-715f-458f-bfe9-15ffd1e29fbd,Transfer-01,2024-04-01,2024-04-30,0.73,,Network-A,http://purl.obolibrary.org/obo/PSDO_0000094, 
aebbafdd-daa2-4efc-b713-82cb7d8c0bf0,Transfer-01,2024-05-01,2024-05-31,0.73,,Network-A,http://purl.obolibrary.org/obo/PSDO_0000094, 
097b0cc4-6c1b-4501-9f05-5f51d087b163,Transfer-01,2024-06-01,2024-06-30,0.73,,Network-A,http://purl.obolibrary.org/obo/PSDO_0000094, 
d18c12d5-bf48-4320-8262-5b7ded0dfdb0,Transfer-01,2024-07-01,2024-07-31,0.73,,Network-A,http://purl.obolibrary.org/obo/PSDO_0000094, 
cb64e6a9-2d08-41b8-a879-40338ec9d360,Transfer-01,2024-08-01,2024-08-31,0.73,,Network-A,http://purl.obolibrary.org/obo/PSDO_0000094, 
6559813a-7024-4b9c-ad20-38b821c267dd,Transfer-01,2024-09-01,2024-09-30,0.73,,Network-A,http://purl.obolibrary.org/obo/PSDO_0000094, 
6be33dc5-0ef5-429e-bc9f-96efa2c0d361,Transfer-01,2024-10-01,2024-10-31,0.73,,Network-A,http://purl.obolibrary.org/obo/PSDO_0000094, 
1b5f2b39-09c0-480f-9d15-778969145ee2,Transfer-01,2024-11-01,2024-11-30,0.73,,Network-A,http://purl.obolibrary.org/obo/PSDO_0000094, 
7f0cdf49-5ca2-40a8-a66b-a1bffdb77e6b,Transfer-01,2024-12-01,2024-12-31,0.73,,Network-A,http://purl.obolibrary.org/obo/PSDO_0000094, 
60b15ae4-3ed9-4bd3-be90-eca098679ff0,Transfer-01,2025-01-01,2025-01-31,0.73,,Network-A,http://purl.obolibrary.org/obo/PSDO_0000094, 
0a41cf85-b8a2-4d7c-97b1-86f440ee1bbf,Hand-01,2024-02-01,2024-02-29,0.95,,Network-A,http://purl.obolibrary.org/obo/PSDO_0000094, 
dc311613-cb87-4144-903c-4f3a6c9c29fa,Hand-01,2024-03-01,2024-03-31,0.95,,Network-A,http://purl.obolibrary.org/obo/PSDO_0000094, 
49b57df8-6142-418e-bac8-d543436dd786,Hand-01,2024-04-01,2024-04-30,0.95,,Network-A,http://purl.obolibrary.org/obo/PSDO_0000094, 
e5761fd6-5541-4c01-b04f-6ac58555dc7f,Hand-01,2024-05-01,2024-05-31,0.95,,Network-A,http://purl.obolibrary.org/obo/PSDO_0000094, 
0690ee41-d535-472a-b4f3-69d1fdf7543a,Hand-01,2024-06-01,2024-06-30,0.95,,Network-A,http://purl.obolibrary.org/obo/PSDO_0000094, 
59452cc4-4b9d-418a-8c37-66845fa63340,Hand-01,2024-07-01,2024-07-31,0.95,,Network-A,http://purl.obolibrary.org/obo/PSDO_0000094, 
c368d8fd-4e25-4819-b07f-d2ba38934356,Hand-01,2024-08-01,2024-08-31,0.95,,Network-A,http://purl.obolibrary.org/obo/PSDO_0000094, 
3a1022c4-de87-40ba-bf8f-121c1ccb46fc,Hand-01,2024-09-01,2024-09-30,0.95,,Network-A,http://purl.obolibrary.org/obo/PSDO_0000094, 
ba984616-445e-4b8e-accd-129091638b1d,Hand-01,2024-10-01,2024-10-31,0.95,,Network-A,http://purl.obolibrary.org/obo/PSDO_0000094, 
4515cf3c-4530-49d0-ab98-c4786fc1e2fa,Hand-01,2024-11-01,2024-11-30,0.95,,Network-A,http://purl.obolibrary.org/obo/PSDO_0000094, 
b1d27af3-fcec-41c7-a26c-48228433217b,Hand-01,2024-12-01,2024-12-31,0.95,,Network-A,http://purl.obolibrary.org/obo/PSDO_0000094, 
830cfa35-9390-438e-8f9b-68751b2a2f96,Hand-01,2025-01-01,2025-01-31,0.95,,Network-A,http://purl.obolibrary.org/obo/PSDO_0000094, 
830357a3-1218-45c8-93bb-70b523184382,Provider-Rating-01,2024-02-01,2024-02-29,0.909,,Network-A,http://purl.obolibrary.org/obo/PSDO_0000094, 
cccf5401-811b-414b-80e1-ed7bbd59c70c,Provider-Rating-01,2024-03-01,2024-03-31,0.909,,Network-A,http://purl.obolibrary.org/obo/PSDO_0000094, 
23ffd957-fb1b-43dc-8e90-237b6ebd856b,Provider-Rating-01,2024-04-01,2024-04-30,0.909,,Network-A,http://purl.obolibrary.org/obo/PSDO_0000094, 
eb77c496-a0bc-42c2-993b-33d6eed2400b,Provider-Rating-01,2024-05-01,2024-05-31,0.909,,Network-A,http://purl.obolibrary.org/obo/PSDO_0000094, 
7c9b0224-aed0-48a5-ab7b-75648f92467a,Provider-Rating-01,2024-06-01,2024-06-30,0.909,,Network-A,http://purl.obolibrary.org/obo/PSDO_0000094, 
4903958f-20a6-4ad2-80e5-16ea672ab67b,Provider-Rating-01,2024-07-01,2024-07-31,0.909,,Network-A,http://purl.obolibrary.org/obo/PSDO_0000094, 
3549cf8e-5835-4e23-9a8d-3655ef321b99,Provider-Rating-01,2024-08-01,2024-08-31,0.909,,Network-A,http://purl.obolibrary.org/obo/PSDO_0000094, 
5587a16e-6f4b-476a-868a-89c15d189c22,Provider-Rating-01,2024-09-01,2024-09-30,0.909,,Network-A,http://purl.obolibrary.org/obo/PSDO_0000094, 
dbb465b8-dfe0-4086-be5b-6b037232dde4,Provider-Rating-01,2024-10-01,2024-10-31,0.909,,Network-A,http://purl.obolibrary.org/obo/PSDO_0000094, 
b78da7c7-74fa-4fb9-8d64-53e306783503,Provider-Rating-01,2024-11-01,2024-11-30,0.909,,Network-A,http://purl.obolibrary.org/obo/PSDO_0000094, 
e1ba8b0d-6310-4a77-b2ac-e26288327131,Provider-Rating-01,2024-12-01,2024-12-31,0.909,,Network-A,http://purl.obolibrary.org/obo/PSDO_0000094, 
19490b51-09c8-44a6-872e-7d4bb935e71e,Provider-Rating-01,2025-01-01,2025-01-31,0.909,,Network-A,http://purl.obolibrary.org/obo/PSDO_0000094, 
d87d1de0-674e-449a-975f-4776d151adc5,Care-Rating-01,2024-02-01,2024-02-29,0.923,,Network-A,http://purl.obolibrary.org/obo/PSDO_0000094, 
5cf17d6b-31a0-4563-b128-01c92260d571,Care-Rating-01,2024-03-01,2024-03-31,0.923,,Network-A,http://purl.obolibrary.org/obo/PSDO_0000094, 
7e0daa73-1354-4adc-9720-37427e9d26ba,Care-Rating-01,2024-04-01,2024-04-30,0.923,,Network-A,http://purl.obolibrary.org/obo/PSDO_0000094, 
bc6c271c-230f-4d70-8721-a0430339c6c0,Care-Rating-01,2024-05-01,2024-05-31,0.923,,Network-A,http://purl.obolibrary.org/obo/PSDO_0000094, 
faca9cf4-bcab-4b4a-b37f-1ad4a13f3d84,Care-Rating-01,2024-06-01,2024-06-30,0.923,,Network-A,http://purl.obolibrary.org/obo/PSDO_0000094, 
d7992728-5064-4b62-b961-6bee3004451c,Care-Rating-01,2024-07-01,2024-07-31,0.923,,Network-A,http://purl.obolibrary.org/obo/PSDO_0000094, 
7530343d-049f-4e7c-9f6c-235f95080075,Care-Rating-01,2024-08-01,2024-08-31,0.923,,Network-A,http://purl.obolibrary.org/obo/PSDO_0000094, 
a72e0483-6b68-4b81-8f0f-85302743b704,Care-Rating-01,2024-09-01,2024-09-30,0.923,,Network-A,http://purl.obolibrary.org/obo/PSDO_0000094, 
06793223-a87b-4d67-9d06-8c7e4598de91,Care-Rating-01,2024-10-01,2024-10-31,0.923,,Network-A,http://purl.obolibrary.org/obo/PSDO_0000094, 
cfb9a8d1-e90d-431e-8712-71cc4c5a2b98,Care-Rating-01,2024-11-01,2024-11-30,0.923,,Network-A,http://purl.obolibrary.org/obo/PSDO_0000094, 
11c4b1c5-a2d5-41e9-b5d7-af505d58c308,Care-Rating-01,2024-12-01,2024-12-31,0.923,,Network-A,http://purl.obolibrary.org/obo/PSDO_0000094, 
a808e385-f8fd-4487-b68c-c853ca69752d,Care-Rating-01,2025-01-01,2025-01-31,0.923,,Network-A,http://purl.obolibrary.org/obo/PSDO_0000094, 
92264679-fc0e-4cbf-98fa-ff1c7826ffad,Clean-Rating-01,2024-02-01,2024-02-29,0.867,,Network-A,http://purl.obolibrary.org/obo/PSDO_0000094, 
e6c9461d-7b6b-4809-aed2-5e6e4fddf38a,Clean-Rating-01,2024-03-01,2024-03-31,0.867,,Network-A,http://purl.obolibrary.org/obo/PSDO_0000094, 
6b0a5cb1-c1db-4acc-a2c6-8a364d45b294,Clean-Rating-01,2024-04-01,2024-04-30,0.867,,Network-A,http://purl.obolibrary.org/obo/PSDO_0000094, 
e3207905-4a2b-4c3c-a483-630bee9f96e7,Clean-Rating-01,2024-05-01,2024-05-31,0.867,,Network-A,http://purl.obolibrary.org/obo/PSDO_0000094, 
30d493c5-a552-4849-87e3-d58314a57c53,Clean-Rating-01,2024-06-01,2024-06-30,0.867,,Network-A,http://purl.obolibrary.org/obo/PSDO_0000094, 
8e08f3f6-65dd-465a-b0fa-bbc7d4d230b4,Clean-Rating-01,2024-07-01,2024-07-31,0.867,,Network-A,http://purl.obolibrary.org/obo/PSDO_0000094, 
548112eb-1cc6-4f7b-9a6a-1ad38c39158b,Clean-Rating-01,2024-08-01,2024-08-31,0.867,,Network-A,http://purl.obolibrary.org/obo/PSDO_0000094, 
633d89b4-1029-4d69-8a83-e98b2baf3ca6,Clean-Rating-01,2024-09-01,2024-09-30,0.867,,Network-A,http://purl.obolibrary.org/obo/PSDO_0000094, 
3d7ed1a6-02ea-473c-9056-aaaebd584ba2,Clean-Rating-01,2024-10-01,2024-10-31,0.867,,Network-A,http://purl.obolibrary.org/obo/PSDO_0000094, 
241b5774-8a2f-4dfb-aa80-f42d31ad13d8,Clean-Rating-01,2024-11-01,2024-11-30,0.867,,Network-A,http://purl.obolibrary.org/obo/PSDO_0000094, 
7668969f-27e9-4d1b-a1c6-b622ba08f52a,Clean-Rating-01,2024-12-01,2024-12-31,0.867,,Network-A,http://purl.obolibrary.org/obo/PSDO_0000094, 
c385a810-9425-474b-9bad-b16dd203f4be,Clean-Rating-01,2025-01-01,2025-01-31,0.867,,Network-A,http://purl.obolibrary.org/obo/PSDO_0000094, 
76ecb504-71f3-4f05-9d08-69e27dda9b04,Quiet-Rating-01,2024-02-01,2024-02-29,0.756,,Network-A,http://purl.obolibrary.org/obo/PSDO_0000094, 
30f4f6a5-5fde-4ef4-8a89-0462921db0ee,Quiet-Rating-01,2024-03-01,2024-03-31,0.756,,Network-A,http://purl.obolibrary.org/obo/PSDO_0000094, 
8a71e681-8002-40aa-aa78-7f682a4f7dbd,Quiet-Rating-01,2024-04-01,2024-04-30,0.756,,Network-A,http://purl.obolibrary.org/obo/PSDO_0000094, 
841da8d9-0dac-4b37-953f-9ad9c6b4dfe6,Quiet-Rating-01,2024-05-01,2024-05-31,0.756,,Network-A,http://purl.obolibrary.org/obo/PSDO_0000094, 
43e9a45a-8b33-40dd-b450-bec144c78373,Quiet-Rating-01,2024-06-01,2024-06-30,0.756,,Network-A,http://purl.obolibrary.org/obo/PSDO_0000094, 
d6a42e72-0857-4de4-bfb3-488edadd9e3d,Quiet-Rating-01,2024-07-01,2024-07-31,0.756,,Network-A,http://purl.obolibrary.org/obo/PSDO_0000094, 
d78c67b5-b8f4-4178-9ba6-7b1c80bb9eed,Quiet-Rating-01,2024-08-01,2024-08-31,0.756,,Network-A,http://purl.obolibrary.org/obo/PSDO_0000094, 
13faef6e-4e6a-4552-8d2d-78ea2b397bf1,Quiet-Rating-01,2024-09-01,2024-09-30,0.756,,Network-A,http://purl.obolibrary.org/obo/PSDO_0000094, 
35dc9b94-b560-4531-ace0-6eafb8d87b92,Quiet-Rating-01,2024-10-01,2024-10-31,0.756,,Network-A,http://purl.obolibrary.org/obo/PSDO_0000094, 
c0f893fe-24de-42d7-90d9-d81bb2af5f53,Quiet-Rating-01,2024-11-01,2024-11-30,0.756,,Network-A,http://purl.obolibrary.org/obo/PSDO_0000094, 
abf998d4-17e4-4884-bfe3-4e022bd1f4ea,Quiet-Rating-01,2024-12-01,2024-12-31,0.756,,Network-A,http://purl.obolibrary.org/obo/PSDO_0000094, 
ccab59cf-3fd9-4bb4-9cf0-7dd5614bbb76,Quiet-Rating-01,2025-01-01,2025-01-31,0.756,,Network-A,http://purl.obolibrary.org/obo/PSDO_0000094, 
96df154d-f4f3-47b3-a66e-b725bc36b992,Patient-Concern-01,2024-02-01,2024-02-29,0.955,,Network-A,http://purl.obolibrary.org/obo/PSDO_0000094, 
21f95d56-3f08-445a-9533-39ed6a30bf41,Patient-Concern-01,2024-03-01,2024-03-31,0.955,,Network-A,http://purl.obolibrary.org/obo/PSDO_0000094, 
cca4698e-858c-4e70-b611-6d37b741b7b6,Patient-Concern-01,2024-04-01,2024-04-30,0.955,,Network-A,http://purl.obolibrary.org/obo/PSDO_0000094, 
5842db5b-0f95-4c7c-a068-867b7215e525,Patient-Concern-01,2024-05-01,2024-05-31,0.955,,Network-A,http://purl.obolibrary.org/obo/PSDO_0000094, 
8338d8ed-39a0-43e6-91c3-9268a503488f,Patient-Concern-01,2024-06-01,2024-06-30,0.955,,Network-A,http://purl.obolibrary.org/obo/PSDO_0000094, 
77a04088-33d3-41b4-b409-7927a7858463,Patient-Concern-01,2024-07-01,2024-07-31,0.955,,Network-A,http://purl.obolibrary.org/obo/PSDO_0000094, 
1227883d-44cf-4035-8601-0927fe64b91c,Patient-Concern-01,2024-08-01,2024-08-31,0.955,,Network-A,http://purl.obolibrary.org/obo/PSDO_0000094, 
bd8cac1d-6376-4dbd-854e-ac904b96144d,Patient-Concern-01,2024-09-01,2024-09-30,0.955,,Network-A,http://purl.obolibrary.org/obo/PSDO_0000094, 
811d95ed-cbb6-41fd-b9c7-34d39080a521,Patient-Concern-01,2024-10-01,2024-10-31,0.955,,Network-A,http://purl.obolibrary.org/obo/PSDO_0000094, 
c25334d1-69bb-45d4-83f6-18c7b748b95c,Patient-Concern-01,2024-11-01,2024-11-30,0.955,,Network-A,http://purl.obolibrary.org/obo/PSDO_0000094, 
7a6c1061-2fca-488f-aa3a-5217b2a828fb,Patient-Concern-01,2024-12-01,2024-12-31,0.955,,Network-A,http://purl.obolibrary.org/obo/PSDO_0000094, 
32b6d4d3-66ea-403e-ba3b-d84e081f610b,Patient-Concern-01,2025-01-01,2025-01-31,0.955,,Network-A,http://purl.obolibrary.org/obo/PSDO_0000094, 
a945a2d9-5a05-400b-9237-afdd056fd193,Discharge-01,2024-02-01,2024-02-29,0.833,,Network-A,http://purl.obolibrary.org/obo/PSDO_0000094, 
5d0646c4-0119-4024-9788-cc2081aa591d,Discharge-01,2024-03-01,2024-03-31,0.833,,Network-A,http://purl.obolibrary.org/obo/PSDO_0000094, 
c82a2f42-6ad7-4db8-a333-cff971e2f94c,Discharge-01,2024-04-01,2024-04-30,0.833,,Network-A,http://purl.obolibrary.org/obo/PSDO_0000094, 
4d4bfada-9458-4001-a989-eb9c7b4af27d,Discharge-01,2024-05-01,2024-05-31,0.833,,Network-A,http://purl.obolibrary.org/obo/PSDO_0000094, 
7366c899-7f0a-41b9-977d-83151430e0a4,Discharge-01,2024-06-01,2024-06-30,0.833,,Network-A,http://purl.obolibrary.org/obo/PSDO_0000094, 
3a33d665-ef42-404c-b9df-8ebf413bead8,Discharge-01,2024-07-01,2024-07-31,0.833,,Network-A,http://purl.obolibrary.org/obo/PSDO_0000094, 
d977bf9a-c732-4dd3-9c84-96e7248384d1,Discharge-01,2024-08-01,2024-08-31,0.833,,Network-A,http://purl.obolibrary.org/obo/PSDO_0000094, 
a14bbe23-5d83-4a6f-94c4-4b0546507ff3,Discharge-01,2024-09-01,2024-09-30,0.833,,Network-A,http://purl.obolibrary.org/obo/PSDO_0000094, 
0fecff42-6e7b-4350-93d9-b8f8e7d85d27,Discharge-01,2024-10-01,2024-10-31,0.833,,Network-A,http://purl.obolibrary.org/obo/PSDO_0000094, 
4fed2b57-bbb8-4ed6-8933-2cfd2ec9e3ab,Discharge-01,2024-11-01,2024-11-30,0.833,,Network-A,http://purl.obolibrary.org/obo/PSDO_0000094, 
c4e060ad-c882-4915-a457-dcc138fa40e2,Discharge-01,2024-12-01,2024-12-31,0.833,,Network-A,http://purl.obolibrary.org/obo/PSDO_0000094, 
68ff3fd7-2fa9-48b3-bd64-0897a0b8cb3d,Discharge-01,2025-01-01,2025-01-31,0.833,,Network-A,http://purl.obolibrary.org/obo/PSDO_0000094, 
7d6afc16-047f-4c5c-8fde-7787fd38db8b,Nurse-informed-01,2024-02-01,2024-02-29,0.9,,Network-A,http://purl.obolibrary.org/obo/PSDO_0000094, 
51140e02-f04b-4df0-a887-c6235437f3ef,Nurse-informed-01,2024-03-01,2024-03-31,0.9,,Network-A,http://purl.obolibrary.org/obo/PSDO_0000094, 
895244dd-8d17-4cef-aef2-6f6aaf17269b,Nurse-informed-01,2024-04-01,2024-04-30,0.9,,Network-A,http://purl.obolibrary.org/obo/PSDO_0000094, 
79e25e1f-3afc-452b-a0b7-6da1c5463d28,Nurse-informed-01,2024-05-01,2024-05-31,0.9,,Network-A,http://purl.obolibrary.org/obo/PSDO_0000094, 
3602dec8-f9fb-4c1f-a97a-e1683b9d5c13,Nurse-informed-01,2024-06-01,2024-06-30,0.9,,Network-A,http://purl.obolibrary.org/obo/PSDO_0000094, 
7478c407-418e-4745-a25c-3963bf045de8,Nurse-informed-01,2024-07-01,2024-07-31,0.9,,Network-A,http://purl.obolibrary.org/obo/PSDO_0000094, 
a2be9885-2a24-418d-8d24-9c1f39c42388,Nurse-informed-01,2024-08-01,2024-08-31,0.9,,Network-A,http://purl.obolibrary.org/obo/PSDO_0000094, 
9c94214c-e928-4963-b8d8-77e28228a823,Nurse-informed-01,2024-09-01,2024-09-30,0.9,,Network-A,http://purl.obolibrary.org/obo/PSDO_0000094, 
414b2aa9-7082-43b6-a54b-941a569675f6,Nurse-informed-01,2024-10-01,2024-10-31,0.9,,Network-A,http://purl.obolibrary.org/obo/PSDO_0000094, 
eaf2daf7-6f4e-4434-a2ca-18622f64a6fa,Nurse-informed-01,2024-11-01,2024-11-30,0.9,,Network-A,http://purl.obolibrary.org/obo/PSDO_0000094, 
31655565-17a8-4c83-8325-79e55e7993fb,Nurse-informed-01,2024-12-01,2024-12-31,0.9,,Network-A,http://purl.obolibrary.org/obo/PSDO_0000094, 
44c36edd-5c44-4fdc-9fd0-e42a4c03313a,Nurse-informed-01,2025-01-01,2025-01-31,0.9,,Network-A,http://purl.obolibrary.org/obo/PSDO_0000094, 
f65b0bf2-62a9-46e0-8f3e-bc2dcd047ec8,Nurse-language-01,2024-02-01,2024-02-29,0.938,,Network-A,http://purl.obolibrary.org/obo/PSDO_0000094, 
82eb8834-e8c0-480e-83a4-a4411fcd17fe,Nurse-language-01,2024-03-01,2024-03-31,0.938,,Network-A,http://purl.obolibrary.org/obo/PSDO_0000094, 
bbae6af3-c907-45f3-9bb9-96a843f52830,Nurse-language-01,2024-04-01,2024-04-30,0.938,,Network-A,http://purl.obolibrary.org/obo/PSDO_0000094, 
25251523-3508-4bc1-afff-ed7a42cf6717,Nurse-language-01,2024-05-01,2024-05-31,0.938,,Network-A,http://purl.obolibrary.org/obo/PSDO_0000094, 
db1f5380-34f6-48b2-bd0a-83a19711a084,Nurse-language-01,2024-06-01,2024-06-30,0.938,,Network-A,http://purl.obolibrary.org/obo/PSDO_0000094, 
fbe389d8-b034-488e-9090-5dc5dc9eb1bf,Nurse-language-01,2024-07-01,2024-07-31,0.938,,Network-A,http://purl.obolibrary.org/obo/PSDO_0000094, 
0392a500-a8d4-4453-80f0-540426df6db3,Nurse-language-01,2024-08-01,2024-08-31,0.938,,Network-A,http://purl.obolibrary.org/obo/PSDO_0000094, 
cd7bc372-02a9-4500-a9c3-6ce55f107794,Nurse-language-01,2024-09-01,2024-09-30,0.938,,Network-A,http://purl.obolibrary.org/obo/PSDO_0000094, 
70bae004-1389-411a-98d4-495df952ca34,Nurse-language-01,2024-10-01,2024-10-31,0.938,,Network-A,http://purl.obolibrary.org/obo/PSDO_0000094, 
97b8cfef-27fb-4d2f-aa1f-805494931a30,Nurse-language-01,2024-11-01,2024-11-30,0.938,,Network-A,http://purl.obolibrary.org/obo/PSDO_0000094, 
a3fa4dbb-aac2-42e3-84ce-bbfa06f31be7,Nurse-language-01,2024-12-01,2024-12-31,0.938,,Network-A,http://purl.obolibrary.org/obo/PSDO_0000094, 
653cc06a-cb24-45ba-9d0b-45710ce2307b,Nurse-language-01,2025-01-01,2025-01-31,0.938,,Network-A,http://purl.obolibrary.org/obo/PSDO_0000094, 
c8503407-2f84-4267-9e94-f6b7ef6cf6a2,Physician-language-01,2024-02-01,2024-02-29,0.9,,Network-A,http://purl.obolibrary.org/obo/PSDO_0000094, 
84263d79-0e2d-4a6c-9937-890f5fd9ba6e,Physician-language-01,2024-03-01,2024-03-31,0.9,,Network-A,http://purl.obolibrary.org/obo/PSDO_0000094, 
18cf5a63-d307-43d7-841d-5303367add37,Physician-language-01,2024-04-01,2024-04-30,0.9,,Network-A,http://purl.obolibrary.org/obo/PSDO_0000094, 
9cc6d003-9d07-4ab8-bda9-203d40a85f39,Physician-language-01,2024-05-01,2024-05-31,0.9,,Network-A,http://purl.obolibrary.org/obo/PSDO_0000094, 
8b36d905-8b73-4211-b4a3-0e01eeaa1ac7,Physician-language-01,2024-06-01,2024-06-30,0.9,,Network-A,http://purl.obolibrary.org/obo/PSDO_0000094, 
8ccc83cc-4d50-4db2-901b-e7c1ad3a48d3,Physician-language-01,2024-07-01,2024-07-31,0.9,,Network-A,http://purl.obolibrary.org/obo/PSDO_0000094, 
42610bc7-af3f-4173-aa9f-d88ab963604b,Physician-language-01,2024-08-01,2024-08-31,0.9,,Network-A,http://purl.obolibrary.org/obo/PSDO_0000094, 
ee6e50fc-3919-4820-ae78-627b0dd68c77,Physician-language-01,2024-09-01,2024-09-30,0.9,,Network-A,http://purl.obolibrary.org/obo/PSDO_0000094, 
c5bfe4d2-d67e-4f3c-8055-21330fd021f2,Physician-language-01,2024-10-01,2024-10-31,0.9,,Network-A,http://purl.obolibrary.org/obo/PSDO_0000094, 
bacf1af1-0e7c-43ee-bbe4-650c9181f584,Physician-language-01,2024-11-01,2024-11-30,0.9,,Network-A,http://purl.obolibrary.org/obo/PSDO_0000094, 
db5b3abf-13e0-4c2b-aab7-b6382ed2d655,Physician-language-01,2024-12-01,2024-12-31,0.9,,Network-A,http://purl.obolibrary.org/obo/PSDO_0000094, 
d3a603a7-e2f5-44ff-94b2-3e7a1fda5c5a,Physician-language-01,2025-01-01,2025-01-31,0.9,,Network-A,http://purl.obolibrary.org/obo/PSDO_0000094, 
ffe93ccf-4b73-4af0-8e21-7d9af76c7340,Physician-informed-01,2024-02-01,2024-02-29,0.861,,Network-A,http://purl.obolibrary.org/obo/PSDO_0000094, 
726b55b3-2380-4d31-9e09-c0105c38a2a5,Physician-informed-01,2024-03-01,2024-03-31,0.861,,Network-A,http://purl.obolibrary.org/obo/PSDO_0000094, 
49325f35-787d-446b-8c54-e451bed29b3d,Physician-informed-01,2024-04-01,2024-04-30,0.861,,Network-A,http://purl.obolibrary.org/obo/PSDO_0000094, 
b14c2493-80ad-4efd-8ed6-f982772af40f,Physician-informed-01,2024-05-01,2024-05-31,0.861,,Network-A,http://purl.obolibrary.org/obo/PSDO_0000094, 
8c4c8ef9-ec64-49a9-b664-a534d758bf44,Physician-informed-01,2024-06-01,2024-06-30,0.861,,Network-A,http://purl.obolibrary.org/obo/PSDO_0000094, 
96d97438-defb-43b5-9431-5ba66df4a569,Physician-informed-01,2024-07-01,2024-07-31,0.861,,Network-A,http://purl.obolibrary.org/obo/PSDO_0000094, 
0888280e-45ad-4821-ad6a-a13244634ae7,Physician-informed-01,2024-08-01,2024-08-31,0.861,,Network-A,http://purl.obolibrary.org/obo/PSDO_0000094, 
5241c5b7-4542-429a-88a1-ad50b055edc8,Physician-informed-01,2024-09-01,2024-09-30,0.861,,Network-A,http://purl.obolibrary.org/obo/PSDO_0000094, 
8606dab4-7f54-4d18-8be3-e17f794a0d7f,Physician-informed-01,2024-10-01,2024-10-31,0.861,,Network-A,http://purl.obolibrary.org/obo/PSDO_0000094, 
ce46f084-cec7-423d-a10b-ab4c46e97aa6,Physician-informed-01,2024-11-01,2024-11-30,0.861,,Network-A,http://purl.obolibrary.org/obo/PSDO_0000094, 
64b67c9c-7c3f-4332-a423-4d17135c7e59,Physician-informed-01,2024-12-01,2024-12-31,0.861,,Network-A,http://purl.obolibrary.org/obo/PSDO_0000094, 
0f0f45f1-aea8-43be-b9f4-50eae83cb6e0,Physician-informed-01,2025-01-01,2025-01-31,0.861,,Network-A,http://purl.obolibrary.org/obo/PSDO_0000094, 
b302b497-1106-4237-b51c-fd04ec5f8ac3,Readmission-Ratting-01,2024-02-01,2024-02-29,0.133,,Network-A,http://purl.obolibrary.org/obo/PSDO_0000094, 
c25450eb-363e-4e3c-b3ea-cce4db4d2694,Readmission-Ratting-01,2024-03-01,2024-03-31,0.133,,Network-A,http://purl.obolibrary.org/obo/PSDO_0000094, 
66b0fda3-87c5-41ff-b2e1-b0d1f450503a,Readmission-Ratting-01,2024-04-01,2024-04-30,0.133,,Network-A,http://purl.obolibrary.org/obo/PSDO_0000094, 
780e5aba-5b33-41bc-9e81-330d16815b95,Readmission-Ratting-01,2024-05-01,2024-05-31,0.133,,Network-A,http://purl.obolibrary.org/obo/PSDO_0000094, 
34935b06-a301-4f08-8ee4-ab73d8448a52,Readmission-Ratting-01,2024-06-01,2024-06-30,0.133,,Network-A,http://purl.obolibrary.org/obo/PSDO_0000094, 
d0f2bdd2-1368-4ef9-b5c7-ad9deb005da4,Readmission-Ratting-01,2024-07-01,2024-07-31,0.133,,Network-A,http://purl.obolibrary.org/obo/PSDO_0000094, 
d835e6a7-be66-4b60-a35c-a3585fcc84d7,Readmission-Ratting-01,2024-08-01,2024-08-31,0.133,,Network-A,http://purl.obolibrary.org/obo/PSDO_0000094, 
6f2a6540-15ee-4806-b23c-d8d342a036ff,Readmission-Ratting-01,2024-09-01,2024-09-30,0.133,,Network-A,http://purl.obolibrary.org/obo/PSDO_0000094, 
61d126a2-a4fa-47c0-8440-2232a2c23701,Readmission-Ratting-01,2024-10-01,2024-10-31,0.133,,Network-A,http://purl.obolibrary.org/obo/PSDO_0000094, 
d671fcd3-94d0-43b8-af33-98815f171abd,Readmission-Ratting-01,2024-11-01,2024-11-30,0.133,,Network-A,http://purl.obolibrary.org/obo/PSDO_0000094, 
a5a612fd-7327-41b0-be1e-6cbc36ad9ddf,Readmission-Ratting-01,2024-12-01,2024-12-31,0.133,,Network-A,http://purl.obolibrary.org/obo/PSDO_0000094, 
6262356a-bcc5-4ae7-a818-ffa5744dabb9,Readmission-Ratting-01,2025-01-01,2025-01-31,0.133,,Network-A,http://purl.obolibrary.org/obo/PSDO_0000094, 
0c8704eb-e615-4ed6-b2d5-1a139583c3f7,Care-Rating-01,2024-02-01,2024-02-29,1.0,70373.0,Network-A,http://purl.obolibrary.org/obo/PSDO_0000129, 
adf0576c-b66c-4cae-aca5-330f0e6d6908,Care-Rating-01,2024-03-01,2024-03-31,1.0,120586.0,Network-A,http://purl.obolibrary.org/obo/PSDO_0000129, 
d3a37af3-90ed-4184-94bd-d6d89c0cb16c,Care-Rating-01,2024-04-01,2024-04-30,1.0,91121.0,Network-A,http://purl.obolibrary.org/obo/PSDO_0000129, 
f509e170-c003-4965-8f89-121ba4fdbd13,Care-Rating-01,2024-05-01,2024-05-31,1.0,102054.0,Network-A,http://purl.obolibrary.org/obo/PSDO_0000129, 
c88cab49-07be-4c60-a748-9bc7039db9f8,Care-Rating-01,2024-06-01,2024-06-30,1.0,93053.0,Network-A,http://purl.obolibrary.org/obo/PSDO_0000129, 
bb225670-b131-4f74-a3ca-c2ba46d9dd75,Care-Rating-01,2024-07-01,2024-07-31,1.0,141586.0,Network-A,http://purl.obolibrary.org/obo/PSDO_0000129, 
988fdb87-561f-4e8e-be3f-bf46a0f8036f,Care-Rating-01,2024-08-01,2024-08-31,1.0,103120.0,Network-A,http://purl.obolibrary.org/obo/PSDO_0000129, 
2fc71655-a0fb-4e7f-821e-e0d0199738c1,Care-Rating-01,2024-09-01,2024-09-30,1.0,102984.0,Network-A,http://purl.obolibrary.org/obo/PSDO_0000129, 
eaf207e4-a945-4055-995d-d865ac0b33da,Care-Rating-01,2024-10-01,2024-10-31,1.0,107318.0,Network-A,http://purl.obolibrary.org/obo/PSDO_0000129, 
a4c2ead4-d912-400b-bdd8-09f214f4f654,Care-Rating-01,2024-11-01,2024-11-30,1.0,112969.0,Network-A,http://purl.obolibrary.org/obo/PSDO_0000129, 
2dbcf0ca-fdd4-4994-b961-2f056b233246,Care-Rating-01,2024-12-01,2024-12-31,1.0,126622.0,Network-A,http://purl.obolibrary.org/obo/PSDO_0000129, 
fb6dbee0-8690-4497-bf1b-0c8f8205d846,Care-Rating-01,2025-01-01,2025-01-31,1.0,79535.0,Network-A,http://purl.obolibrary.org/obo/PSDO_0000129, 
2d0c9fa7-488b-4e80-b691-182c21889d64,Clean-Rating-01,2024-02-01,2024-02-29,1.0,29260.0,Network-A,http://purl.obolibrary.org/obo/PSDO_0000129, 
64b351a4-9178-4993-bde7-b18d00e5fe5f,Clean-Rating-01,2024-03-01,2024-03-31,0.999,29814.0,Network-A,http://purl.obolibrary.org/obo/PSDO_0000129, 
155dda4c-c0a9-4205-9ff8-01b9ae25bc16,Clean-Rating-01,2024-04-01,2024-04-30,0.991,25834.0,Network-A,http://purl.obolibrary.org/obo/PSDO_0000129, 
0c4eec8e-654c-4ce2-b953-8a23f4a2f88b,Clean-Rating-01,2024-05-01,2024-05-31,1.0,31594.0,Network-A,http://purl.obolibrary.org/obo/PSDO_0000129, 
73bcefeb-12dc-4214-af38-449111170e17,Clean-Rating-01,2024-06-01,2024-06-30,0.998,22248.0,Network-A,http://purl.obolibrary.org/obo/PSDO_0000129, 
d866f173-caca-4868-aeb5-3169a0abce4e,Clean-Rating-01,2024-07-01,2024-07-31,0.998,17489.0,Network-A,http://purl.obolibrary.org/obo/PSDO_0000129, 
cd0bd7c2-5ae6-477b-9dd0-b4573f4d1d3a,Clean-Rating-01,2024-08-01,2024-08-31,1.0,24065.0,Network-A,http://purl.obolibrary.org/obo/PSDO_0000129, 
3e6abf7a-4aa8-456c-9876-8e38b81f9cad,Clean-Rating-01,2024-09-01,2024-09-30,1.0,34945.0,Network-A,http://purl.obolibrary.org/obo/PSDO_0000129, 
27acab59-f58f-4d9a-9282-21bf689980fe,Clean-Rating-01,2024-10-01,2024-10-31,0.995,30294.0,Network-A,http://purl.obolibrary.org/obo/PSDO_0000129, 
71b239c8-738a-4ff3-8b25-75edba4fee54,Clean-Rating-01,2024-11-01,2024-11-30,1.0,30489.0,Network-A,http://purl.obolibrary.org/obo/PSDO_0000129, 
7c65f05a-c67a-4a63-9b21-77c8ff743d26,Clean-Rating-01,2024-12-01,2024-12-31,1.0,35444.0,Network-A,http://purl.obolibrary.org/obo/PSDO_0000129, 
fb4c6940-2b69-4791-953c-384fcd185746,Clean-Rating-01,2025-01-01,2025-01-31,1.0,51228.0,Network-A,http://purl.obolibrary.org/obo/PSDO_0000129, 
fa6f7747-d134-4820-9d2c-4e3eee9a84b7,Discharge-01,2024-02-01,2024-02-29,0.969,26827.0,Network-A,http://purl.obolibrary.org/obo/PSDO_0000129, 
7280a648-01db-44f9-89d8-c9c081cd51e3,Discharge-01,2024-03-01,2024-03-31,0.986,32581.0,Network-A,http://purl.obolibrary.org/obo/PSDO_0000129, 
9d56b0fa-7fe0-4db1-9533-2d9e6ac31cf8,Discharge-01,2024-04-01,2024-04-30,0.998,24972.0,Network-A,http://purl.obolibrary.org/obo/PSDO_0000129, 
7edfe998-92a2-4f8b-aeb3-db4177b597eb,Discharge-01,2024-05-01,2024-05-31,1.0,18543.0,Network-A,http://purl.obolibrary.org/obo/PSDO_0000129, 
3003da77-5782-47e4-8340-58fad526ba28,Discharge-01,2024-06-01,2024-06-30,1.0,25659.0,Network-A,http://purl.obolibrary.org/obo/PSDO_0000129, 
6f92ca3e-35bb-4787-92a1-fb3aae47c54b,Discharge-01,2024-07-01,2024-07-31,0.988,27229.0,Network-A,http://purl.obolibrary.org/obo/PSDO_0000129, 
dd3cbdb2-39f8-463d-ae1f-2ed51681c899,Discharge-01,2024-08-01,2024-08-31,0.993,35585.0,Network-A,http://purl.obolibrary.org/obo/PSDO_0000129, 
5181dee0-676d-4bb0-94ef-189d4593090c,Discharge-01,2024-09-01,2024-09-30,0.995,28687.0,Network-A,http://purl.obolibrary.org/obo/PSDO_0000129, 
edaece04-330a-4018-b95e-49aa83e491ab,Discharge-01,2024-10-01,2024-10-31,1.0,28307.0,Network-A,http://purl.obolibrary.org/obo/PSDO_0000129, 
b256f48c-2a55-4ad1-a0bb-1a01d18e47a9,Discharge-01,2024-11-01,2024-11-30,0.988,36464.0,Network-A,http://purl.obolibrary.org/obo/PSDO_0000129, 
168e4906-75e9-4457-84b1-a8da06c13846,Discharge-01,2024-12-01,2024-12-31,1.0,28157.0,Network-A,http://purl.obolibrary.org/obo/PSDO_0000129, 
a699fdcd-5d05-4f93-940b-146ef94183c5,Discharge-01,2025-01-01,2025-01-31,1.0,23960.0,Network-A,http://purl.obolibrary.org/obo/PSDO_0000129, 
6f9856d0-4f94-433d-9054-e44649f6911d,Hand-01,2024-02-01,2024-02-29,1.0,126420.0,Network-A,http://purl.obolibrary.org/obo/PSDO_0000129, 
d4d24bc0-aebb-4a8f-ac69-2a771dcb4c20,Hand-01,2024-03-01,2024-03-31,1.0,132345.0,Network-A,http://purl.obolibrary.org/obo/PSDO_0000129, 
bbd9abd9-40a4-436c-8a96-fb621663e1bd,Hand-01,2024-04-01,2024-04-30,1.0,145742.0,Network-A,http://purl.obolibrary.org/obo/PSDO_0000129, 
82261ff3-884b-445b-91be-2a897630c590,Hand-01,2024-05-01,2024-05-31,1.0,117883.0,Network-A,http://purl.obolibrary.org/obo/PSDO_0000129, 
9956aad2-58b5-4685-9267-8b4b897558b5,Hand-01,2024-06-01,2024-06-30,1.0,107708.0,Network-A,http://purl.obolibrary.org/obo/PSDO_0000129, 
b255778e-8e87-44bc-84ac-9ac22bd01d65,Hand-01,2024-07-01,2024-07-31,1.0,131124.0,Network-A,http://purl.obolibrary.org/obo/PSDO_0000129, 
72fbb1bb-bf56-41d8-b6cd-03937c029092,Hand-01,2024-08-01,2024-08-31,1.0,133972.0,Network-A,http://purl.obolibrary.org/obo/PSDO_0000129, 
d5aaa0ae-9fa2-4724-aa6d-cfa5db5abe71,Hand-01,2024-09-01,2024-09-30,1.0,152144.0,Network-A,http://purl.obolibrary.org/obo/PSDO_0000129, 
1d48702a-f913-49d7-8436-c6f003a918dc,Hand-01,2024-10-01,2024-10-31,1.0,101351.0,Network-A,http://purl.obolibrary.org/obo/PSDO_0000129, 
0c01fd2d-41c9-41d4-b5df-43bbae4e15ba,Hand-01,2024-11-01,2024-11-30,1.0,138632.0,Network-A,http://purl.obolibrary.org/obo/PSDO_0000129, 
cc964218-f526-49b7-908a-5724fe718db1,Hand-01,2024-12-01,2024-12-31,1.0,140097.0,Network-A,http://purl.obolibrary.org/obo/PSDO_0000129, 
e5b689ab-46dc-4973-b94a-6a5dfe94b19b,Hand-01,2025-01-01,2025-01-31,1.0,140864.0,Network-A,http://purl.obolibrary.org/obo/PSDO_0000129, 
de5b6fa8-cbc5-4cd2-b54a-ab57edba5e0c,Nurse-informed-01,2024-02-01,2024-02-29,1.0,72632.0,Network-A,http://purl.obolibrary.org/obo/PSDO_0000129, 
ef644939-e34c-4ba0-9722-01c513829b17,Nurse-informed-01,2024-03-01,2024-03-31,1.0,83726.0,Network-A,http://purl.obolibrary.org/obo/PSDO_0000129, 
c20293f5-749e-4111-8e43-794daf316d79,Nurse-informed-01,2024-04-01,2024-04-30,1.0,76145.0,Network-A,http://purl.obolibrary.org/obo/PSDO_0000129, 
b1ad60b0-3974-437a-90d2-9e2f50c72c2b,Nurse-informed-01,2024-05-01,2024-05-31,1.0,51084.0,Network-A,http://purl.obolibrary.org/obo/PSDO_0000129, 
71743fe7-bc8c-4a2f-8b10-a1a2e6c2f921,Nurse-informed-01,2024-06-01,2024-06-30,1.0,58261.0,Network-A,http://purl.obolibrary.org/obo/PSDO_0000129, 
3c4274c3-f96b-47f7-80de-3d15f2bea6fc,Nurse-informed-01,2024-07-01,2024-07-31,1.0,58039.0,Network-A,http://purl.obolibrary.org/obo/PSDO_0000129, 
17fbfed6-fd4f-40e8-9d70-d6eb5f289749,Nurse-informed-01,2024-08-01,2024-08-31,1.0,70736.0,Network-A,http://purl.obolibrary.org/obo/PSDO_0000129, 
bc085708-bdb9-439b-ad91-381d84c72b22,Nurse-informed-01,2024-09-01,2024-09-30,1.0,88601.0,Network-A,http://purl.obolibrary.org/obo/PSDO_0000129, 
a123b60f-5f8b-4133-b62d-3c327a38589f,Nurse-informed-01,2024-10-01,2024-10-31,1.0,67092.0,Network-A,http://purl.obolibrary.org/obo/PSDO_0000129, 
92f69d48-053a-46f6-9c40-9b8e802fc61c,Nurse-informed-01,2024-11-01,2024-11-30,1.0,73683.0,Network-A,http://purl.obolibrary.org/obo/PSDO_0000129, 
9312437e-dbc7-4df9-a892-2d09c809c29f,Nurse-informed-01,2024-12-01,2024-12-31,1.0,80483.0,Network-A,http://purl.obolibrary.org/obo/PSDO_0000129, 
e10821a5-3e5a-4fa8-a3b3-58f178c4f42d,Nurse-informed-01,2025-01-01,2025-01-31,1.0,88407.0,Network-A,http://purl.obolibrary.org/obo/PSDO_0000129, 
0a1fc50f-14a1-4234-a607-5bdb4dd2f00d,Nurse-language-01,2024-02-01,2024-02-29,1.0,97278.0,Network-A,http://purl.obolibrary.org/obo/PSDO_0000129, 
5c86dfc7-f568-4dc9-9ff7-3088f1a6aba8,Nurse-language-01,2024-03-01,2024-03-31,1.0,111847.0,Network-A,http://purl.obolibrary.org/obo/PSDO_0000129, 
2096e061-c0cd-4124-b607-de82363cb097,Nurse-language-01,2024-04-01,2024-04-30,1.0,109724.0,Network-A,http://purl.obolibrary.org/obo/PSDO_0000129, 
a5b5a25e-95f4-4f85-ba2a-e029a045e2eb,Nurse-language-01,2024-05-01,2024-05-31,1.0,84174.0,Network-A,http://purl.obolibrary.org/obo/PSDO_0000129, 
4d4b8974-c251-448c-8447-b54acaa0e3e9,Nurse-language-01,2024-06-01,2024-06-30,1.0,92918.0,Network-A,http://purl.obolibrary.org/obo/PSDO_0000129, 
37513468-74f5-4115-ba1c-b083769d3ef6,Nurse-language-01,2024-07-01,2024-07-31,1.0,104238.0,Network-A,http://purl.obolibrary.org/obo/PSDO_0000129, 
955bd025-6984-442b-8b5d-88db1e3aa972,Nurse-language-01,2024-08-01,2024-08-31,1.0,156419.0,Network-A,http://purl.obolibrary.org/obo/PSDO_0000129, 
d05c1193-26ba-413a-b9e3-b25e8eb38328,Nurse-language-01,2024-09-01,2024-09-30,1.0,102004.0,Network-A,http://purl.obolibrary.org/obo/PSDO_0000129, 
501b7841-3cd0-4336-9abc-6731b41a217b,Nurse-language-01,2024-10-01,2024-10-31,1.0,114320.0,Network-A,http://purl.obolibrary.org/obo/PSDO_0000129, 
ff53c6dd-c4bc-4c2c-998a-fbf7a00f61a9,Nurse-language-01,2024-11-01,2024-11-30,1.0,99293.0,Network-A,http://purl.obolibrary.org/obo/PSDO_0000129, 
568f0782-769b-441a-b0ce-46bd520d8927,Nurse-language-01,2024-12-01,2024-12-31,1.0,134932.0,Network-A,http://purl.obolibrary.org/obo/PSDO_0000129, 
fe328f47-7027-479c-b955-fb7b00a4d091,Nurse-language-01,2025-01-01,2025-01-31,1.0,125972.0,Network-A,http://purl.obolibrary.org/obo/PSDO_0000129, 
fbff155e-69b3-4b18-9265-c6731bba087d,Patient-Concern-01,2024-02-01,2024-02-29,1.0,116090.0,Network-A,http://purl.obolibrary.org/obo/PSDO_0000129, 
1e476e5c-f3aa-43ab-8af9-976c3b01aed1,Patient-Concern-01,2024-03-01,2024-03-31,1.0,141625.0,Network-A,http://purl.obolibrary.org/obo/PSDO_0000129, 
38dfa38c-0397-407a-b1f5-252b81a76fc5,Patient-Concern-01,2024-04-01,2024-04-30,1.0,153068.0,Network-A,http://purl.obolibrary.org/obo/PSDO_0000129, 
391573a6-25c1-4e0b-bc97-8f93c3fd2924,Patient-Concern-01,2024-05-01,2024-05-31,1.0,146614.0,Network-A,http://purl.obolibrary.org/obo/PSDO_0000129, 
0b7fc682-ddb9-4ac0-ae4d-106a3e994ba0,Patient-Concern-01,2024-06-01,2024-06-30,1.0,136865.0,Network-A,http://purl.obolibrary.org/obo/PSDO_0000129, 
39a7b868-38ac-4301-b208-9ed67ba97a59,Patient-Concern-01,2024-07-01,2024-07-31,1.0,131921.0,Network-A,http://purl.obolibrary.org/obo/PSDO_0000129, 
1ba2245f-b61d-498b-86fa-04c0f59a65ce,Patient-Concern-01,2024-08-01,2024-08-31,1.0,155484.0,Network-A,http://purl.obolibrary.org/obo/PSDO_0000129, 
84377df1-c476-4078-bd6c-8deed7bfc617,Patient-Concern-01,2024-09-01,2024-09-30,1.0,129477.0,Network-A,http://purl.obolibrary.org/obo/PSDO_0000129, 
a24e25bd-4306-4b2f-8455-c01f4dafde9f,Patient-Concern-01,2024-10-01,2024-10-31,1.0,131025.0,Network-A,http://purl.obolibrary.org/obo/PSDO_0000129, 
7492889d-90a2-4ea7-b54c-a8bbad10f360,Patient-Concern-01,2024-11-01,2024-11-30,1.0,161366.0,Network-A,http://purl.obolibrary.org/obo/PSDO_0000129, 
8dee0111-09e5-4f0e-bfb2-c8a5fa7520e9,Patient-Concern-01,2024-12-01,2024-12-31,1.0,155098.0,Network-A,http://purl.obolibrary.org/obo/PSDO_0000129, 
4bb798aa-ce69-44cf-8200-100d546e57a3,Patient-Concern-01,2025-01-01,2025-01-31,1.0,139946.0,Network-A,http://purl.obolibrary.org/obo/PSDO_0000129, 
eba81a4d-c39b-46f4-a962-85992b8a3f15,Physician-informed-01,2024-02-01,2024-02-29,0.992,24103.0,Network-A,http://purl.obolibrary.org/obo/PSDO_0000129, 
0a7774d2-e187-4b68-9722-87fe2ac962cd,Physician-informed-01,2024-03-01,2024-03-31,1.0,25616.0,Network-A,http://purl.obolibrary.org/obo/PSDO_0000129, 
5ad071c3-ac57-45b9-8cf7-a31fdb11cad4,Physician-informed-01,2024-04-01,2024-04-30,1.0,24939.0,Network-A,http://purl.obolibrary.org/obo/PSDO_0000129, 
9fba969b-d0dd-400d-ba5f-01280e9b15db,Physician-informed-01,2024-05-01,2024-05-31,0.998,24629.0,Network-A,http://purl.obolibrary.org/obo/PSDO_0000129, 
ff7ef5dd-1be4-4a2f-a93b-cb9aff61ab91,Physician-informed-01,2024-06-01,2024-06-30,1.0,27997.0,Network-A,http://purl.obolibrary.org/obo/PSDO_0000129, 
1316ae68-6be0-4d95-8153-9f9dee007a29,Physician-informed-01,2024-07-01,2024-07-31,1.0,40885.0,Network-A,http://purl.obolibrary.org/obo/PSDO_0000129, 
eedf20c8-11b7-498a-9e64-0aed6f18c54a,Physician-informed-01,2024-08-01,2024-08-31,1.0,24945.0,Network-A,http://purl.obolibrary.org/obo/PSDO_0000129, 
6da00b14-0535-4807-a390-3c6d68ba2ba3,Physician-informed-01,2024-09-01,2024-09-30,0.991,20891.0,Network-A,http://purl.obolibrary.org/obo/PSDO_0000129, 
23ba013c-11d7-424a-9494-4db80ea2779e,Physician-informed-01,2024-10-01,2024-10-31,1.0,31566.0,Network-A,http://purl.obolibrary.org/obo/PSDO_0000129, 
bb1e235a-9251-41e8-b3b7-c794965d85a9,Physician-informed-01,2024-11-01,2024-11-30,1.0,51181.0,Network-A,http://purl.obolibrary.org/obo/PSDO_0000129, 
2b277fa9-0192-4960-ae42-6c20efb0bf70,Physician-informed-01,2024-12-01,2024-12-31,1.0,31185.0,Network-A,http://purl.obolibrary.org/obo/PSDO_0000129, 
1f6a5b9e-3d79-4080-837e-bdde1a2a9d44,Physician-informed-01,2025-01-01,2025-01-31,1.0,31769.0,Network-A,http://purl.obolibrary.org/obo/PSDO_0000129, 
a9404b9d-1af0-42dc-8380-776553a25e53,Physician-language-01,2024-02-01,2024-02-29,1.0,47930.0,Network-A,http://purl.obolibrary.org/obo/PSDO_0000129, 
1fba3490-2269-4fa7-9b32-5366e98dff6d,Physician-language-01,2024-03-01,2024-03-31,1.0,51809.0,Network-A,http://purl.obolibrary.org/obo/PSDO_0000129, 
8be2c91d-a7ac-4303-9ed7-a568e641d28d,Physician-language-01,2024-04-01,2024-04-30,1.0,64158.0,Network-A,http://purl.obolibrary.org/obo/PSDO_0000129, 
667c6616-537d-4262-9194-717a48c357bd,Physician-language-01,2024-05-01,2024-05-31,1.0,76679.0,Network-A,http://purl.obolibrary.org/obo/PSDO_0000129, 
c99f3e17-b185-4257-b70d-70329fb49180,Physician-language-01,2024-06-01,2024-06-30,1.0,66205.0,Network-A,http://purl.obolibrary.org/obo/PSDO_0000129, 
bd573eb7-feb6-4bdc-8a7c-eab720639efb,Physician-language-01,2024-07-01,2024-07-31,1.0,44257.0,Network-A,http://purl.obolibrary.org/obo/PSDO_0000129, 
b3aa1e26-e637-455b-b217-c620f1383fe6,Physician-language-01,2024-08-01,2024-08-31,1.0,74172.0,Network-A,http://purl.obolibrary.org/obo/PSDO_0000129, 
65d69e9c-09aa-4259-981b-2f5623b09c4e,Physician-language-01,2024-09-01,2024-09-30,1.0,86795.0,Network-A,http://purl.obolibrary.org/obo/PSDO_0000129, 
b82ef13a-0e2d-42a9-9443-c32e74eb8118,Physician-language-01,2024-10-01,2024-10-31,1.0,78931.0,Network-A,http://purl.obolibrary.org/obo/PSDO_0000129, 
d6c37a1e-a46c-4f52-8e14-3b7d414030a7,Physician-language-01,2024-11-01,2024-11-30,1.0,101660.0,Network-A,http://purl.obolibrary.org/obo/PSDO_0000129, 
ae1853b8-f2e9-4643-a8e4-e4aea6ba51ff,Physician-language-01,2024-12-01,2024-12-31,1.0,84441.0,Network-A,http://purl.obolibrary.org/obo/PSDO_0000129, 
1f3dc942-fbf7-427e-8edc-9f41e7c61131,Physician-language-01,2025-01-01,2025-01-31,1.0,55047.0,Network-A,http://purl.obolibrary.org/obo/PSDO_0000129, 
25bbcccb-a307-4b6f-97ee-0bfa046cb2ac,Provider-Rating-01,2024-02-01,2024-02-29,1.0,74422.0,Network-A,http://purl.obolibrary.org/obo/PSDO_0000129, 
0dfcdf69-3fff-4c93-b504-2789921054b3,Provider-Rating-01,2024-03-01,2024-03-31,1.0,93250.0,Network-A,http://purl.obolibrary.org/obo/PSDO_0000129, 
277c7844-0499-4e8b-bc30-4b73a53967bc,Provider-Rating-01,2024-04-01,2024-04-30,1.0,60011.0,Network-A,http://purl.obolibrary.org/obo/PSDO_0000129, 
cdaf0e31-1965-4403-9a3b-45ac2cd17bdf,Provider-Rating-01,2024-05-01,2024-05-31,1.0,89122.0,Network-A,http://purl.obolibrary.org/obo/PSDO_0000129, 
3ad64eb0-c2ed-4e78-b8de-4d5495cfd2d0,Provider-Rating-01,2024-06-01,2024-06-30,1.0,103535.0,Network-A,http://purl.obolibrary.org/obo/PSDO_0000129, 
fe963dcb-ccac-4cc3-9532-3322a55be238,Provider-Rating-01,2024-07-01,2024-07-31,1.0,91017.0,Network-A,http://purl.obolibrary.org/obo/PSDO_0000129, 
14c12c98-066b-4f67-bd9e-5480f77f270f,Provider-Rating-01,2024-08-01,2024-08-31,1.0,88498.0,Network-A,http://purl.obolibrary.org/obo/PSDO_0000129, 
f442159a-95f3-432c-a079-0c098dc7befa,Provider-Rating-01,2024-09-01,2024-09-30,1.0,104005.0,Network-A,http://purl.obolibrary.org/obo/PSDO_0000129, 
954999b5-0fcf-4f2b-b097-688420b892e0,Provider-Rating-01,2024-10-01,2024-10-31,1.0,84247.0,Network-A,http://purl.obolibrary.org/obo/PSDO_0000129, 
f936fccb-68be-4999-b94d-9f4a10ccdc50,Provider-Rating-01,2024-11-01,2024-11-30,1.0,97502.0,Network-A,http://purl.obolibrary.org/obo/PSDO_0000129, 
7424b973-644b-47cf-81f1-03728f68a344,Provider-Rating-01,2024-12-01,2024-12-31,1.0,113753.0,Network-A,http://purl.obolibrary.org/obo/PSDO_0000129, 
26dec09c-63d2-4998-84f9-14d55401619f,Provider-Rating-01,2025-01-01,2025-01-31,1.0,89003.0,Network-A,http://purl.obolibrary.org/obo/PSDO_0000129, 
38c4dea1-e93e-4005-b302-a6dca20bf88b,Quiet-Rating-01,2024-02-01,2024-02-29,0.896,29047.0,Network-A,http://purl.obolibrary.org/obo/PSDO_0000129, 
aec4d9e6-aa35-4a7a-80f4-c94c2302eb15,Quiet-Rating-01,2024-03-01,2024-03-31,0.913,23217.0,Network-A,http://purl.obolibrary.org/obo/PSDO_0000129, 
d44f1827-5fcb-40f7-81d6-162571f2327b,Quiet-Rating-01,2024-04-01,2024-04-30,0.891,30130.0,Network-A,http://purl.obolibrary.org/obo/PSDO_0000129, 
4416ec73-a344-4ae6-9c12-61b478302686,Quiet-Rating-01,2024-05-01,2024-05-31,0.91,23574.0,Network-A,http://purl.obolibrary.org/obo/PSDO_0000129, 
35a7b85e-5ad0-4aa8-96fd-676df51a00de,Quiet-Rating-01,2024-06-01,2024-06-30,0.911,25347.0,Network-A,http://purl.obolibrary.org/obo/PSDO_0000129, 
e331c1a6-7e26-48d1-940b-c18da15f510e,Quiet-Rating-01,2024-07-01,2024-07-31,0.93,32332.0,Network-A,http://purl.obolibrary.org/obo/PSDO_0000129, 
ab55c0e3-a115-43af-963e-c778e204d020,Quiet-Rating-01,2024-08-01,2024-08-31,0.929,24581.0,Network-A,http://purl.obolibrary.org/obo/PSDO_0000129, 
b12d54a9-1eb0-4ad0-8156-09c47bd29498,Quiet-Rating-01,2024-09-01,2024-09-30,0.924,30948.0,Network-A,http://purl.obolibrary.org/obo/PSDO_0000129, 
654597de-598f-46fd-bcca-811e557ae199,Quiet-Rating-01,2024-10-01,2024-10-31,0.915,27213.0,Network-A,http://purl.obolibrary.org/obo/PSDO_0000129, 
fe4f4fdd-0ab8-4f61-8cac-6ccb9f3db833,Quiet-Rating-01,2024-11-01,2024-11-30,0.921,18481.0,Network-A,http://purl.obolibrary.org/obo/PSDO_0000129, 
434cec4b-bff0-4d80-9f37-ebfcf2d0df2f,Quiet-Rating-01,2024-12-01,2024-12-31,0.899,28576.0,Network-A,http://purl.obolibrary.org/obo/PSDO_0000129, 
161c01d0-6b5f-4cfa-9bc6-9ad7fac0369b,Quiet-Rating-01,2025-01-01,2025-01-31,0.892,25412.0,Network-A,http://purl.obolibrary.org/obo/PSDO_0000129, 
8a14d931-4124-4ec6-b95e-081a284cc923,Transfer-01,2024-02-01,2024-02-29,0.683,18034.0,Network-A,http://purl.obolibrary.org/obo/PSDO_0000129, 
0f38fff6-fbf7-4e4a-aba0-e5edb0819e31,Transfer-01,2024-03-01,2024-03-31,0.648,27796.0,Network-A,http://purl.obolibrary.org/obo/PSDO_0000129, 
394822ef-69a7-4b7c-9ee7-307dcbc28a47,Transfer-01,2024-04-01,2024-04-30,0.677,27854.0,Network-A,http://purl.obolibrary.org/obo/PSDO_0000129, 
d574b912-f74d-4832-a902-8b5b551f76e2,Transfer-01,2024-05-01,2024-05-31,0.633,35603.0,Network-A,http://purl.obolibrary.org/obo/PSDO_0000129, 
a335c39e-e31a-475f-aeb2-24b8dda2cb84,Transfer-01,2024-06-01,2024-06-30,0.664,32580.0,Network-A,http://purl.obolibrary.org/obo/PSDO_0000129, 
55c2cf8a-9336-46dd-b469-85187230bdb3,Transfer-01,2024-07-01,2024-07-31,0.665,29720.0,Network-A,http://purl.obolibrary.org/obo/PSDO_0000129, 
60302774-a6e9-464a-bace-becba457cee5,Transfer-01,2024-08-01,2024-08-31,0.674,22201.0,Network-A,http://purl.obolibrary.org/obo/PSDO_0000129, 
d2edd681-d736-4054-a515-2145d203d33e,Transfer-01,2024-09-01,2024-09-30,0.69,29388.0,Network-A,http://purl.obolibrary.org/obo/PSDO_0000129, 
fcdaf3de-b82d-4dfe-8d9e-38b99920faa3,Transfer-01,2024-10-01,2024-10-31,0.705,30099.0,Network-A,http://purl.obolibrary.org/obo/PSDO_0000129, 
b09dc4ee-7622-4952-8473-4473480d036c,Transfer-01,2024-11-01,2024-11-30,0.685,28271.0,Network-A,http://purl.obolibrary.org/obo/PSDO_0000129, 
d49a6351-5f85-48e1-ac4b-337db104b0bf,Transfer-01,2024-12-01,2024-12-31,0.693,23931.0,Network-A,http://purl.obolibrary.org/obo/PSDO_0000129, 
9b2b02f9-058f-48c5-b9fe-78978fb46bc7,Transfer-01,2025-01-01,2025-01-31,0.671,36862.0,Network-A,http://purl.obolibrary.org/obo/PSDO_0000129, 
91ddde7e-3e7c-48a9-879c-ead591738088,Readmission-Ratting-01,2024-02-01,2024-02-29,0.097,25970.0,Network-A,http://purl.obolibrary.org/obo/PSDO_0000129, 
8038afc5-c09a-4cb6-9e85-d480206b2c05,Readmission-Ratting-01,2024-03-01,2024-03-31,0.098,26403.0,Network-A,http://purl.obolibrary.org/obo/PSDO_0000129, 
b574c1b5-d7db-428c-8c6b-268dab8929c0,Readmission-Ratting-01,2024-04-01,2024-04-30,0.101,39392.0,Network-A,http://purl.obolibrary.org/obo/PSDO_0000129, 
2705341f-3956-4674-8f83-80c0d135db7d,Readmission-Ratting-01,2024-05-01,2024-05-31,0.093,32720.0,Network-A,http://purl.obolibrary.org/obo/PSDO_0000129, 
06e3e91a-93c8-4ce3-a133-c2d11786613f,Readmission-Ratting-01,2024-06-01,2024-06-30,0.106,47477.0,Network-A,http://purl.obolibrary.org/obo/PSDO_0000129, 
3e91a4cc-94b8-46cb-bdae-459d4e9f5c03,Readmission-Ratting-01,2024-07-01,2024-07-31,0.101,40162.0,Network-A,http://purl.obolibrary.org/obo/PSDO_0000129, 
51c4e15b-47c6-4265-8d9d-36a24c757fdb,Readmission-Ratting-01,2024-08-01,2024-08-31,0.104,55172.0,Network-A,http://purl.obolibrary.org/obo/PSDO_0000129, 
59b1402c-485c-4d86-b4a3-2bdf4d3252dc,Readmission-Ratting-01,2024-09-01,2024-09-30,0.101,32425.0,Network-A,http://purl.obolibrary.org/obo/PSDO_0000129, 
8f80d639-54d8-46a1-94c7-a9c6ba37a3bb,Readmission-Ratting-01,2024-10-01,2024-10-31,0.105,43368.0,Network-A,http://purl.obolibrary.org/obo/PSDO_0000129, 
759c5c46-618c-45d2-9fe6-b0bf54a98393,Readmission-Ratting-01,2024-11-01,2024-11-30,0.097,41803.0,Network-A,http://purl.obolibrary.org/obo/PSDO_0000129, 
1460513e-79e2-46c0-a304-c232cdf4f049,Readmission-Ratting-01,2024-12-01,2024-12-31,0.103,47746.0,Network-A,http://purl.obolibrary.org/obo/PSDO_0000129, 
a771945c-9d5b-44d0-b1a3-6deef0687e83,Readmission-Ratting-01,2025-01-01,2025-01-31,0.104,43816.0,Network-A,http://purl.obolibrary.org/obo/PSDO_0000129, 
9d0643b6-f61d-4445-b925-d924d29a7a6d,Readmission-Ratting-01,2024-02-01,2024-02-29,0.129,252582.0,Network-A,http://purl.obolibrary.org/obo/PSDO_0000126, 
ae976d00-c804-4c22-aaac-425f1e539013,Readmission-Ratting-01,2024-03-01,2024-03-31,0.132,270382.0,Network-A,http://purl.obolibrary.org/obo/PSDO_0000126, 
cd1f59d4-df2b-4635-adde-18fed3a45479,Readmission-Ratting-01,2024-04-01,2024-04-30,0.132,263957.0,Network-A,http://purl.obolibrary.org/obo/PSDO_0000126, 
ad8ad8f0-665f-46fc-8a41-e2f83f9fac3d,Readmission-Ratting-01,2024-05-01,2024-05-31,0.133,243430.0,Network-A,http://purl.obolibrary.org/obo/PSDO_0000126, 
c15b279f-d04c-4daa-82a4-cb2a4a337596,Readmission-Ratting-01,2024-06-01,2024-06-30,0.13,270625.0,Network-A,http://purl.obolibrary.org/obo/PSDO_0000126, 
8c71b3a7-7dbf-454d-bf84-8ddc514929f4,Readmission-Ratting-01,2024-07-01,2024-07-31,0.133,252832.0,Network-A,http://purl.obolibrary.org/obo/PSDO_0000126, 
88ebf845-6818-44e5-8697-473b81b96ce6,Readmission-Ratting-01,2024-08-01,2024-08-31,0.13,262532.0,Network-A,http://purl.obolibrary.org/obo/PSDO_0000126, 
ecf0f770-9763-44f8-8f3b-6b1060e77a67,Readmission-Ratting-01,2024-09-01,2024-09-30,0.136,258247.0,Network-A,http://purl.obolibrary.org/obo/PSDO_0000126, 
6cc9533c-9257-42d1-998d-e8be8d81d5e5,Readmission-Ratting-01,2024-10-01,2024-10-31,0.134,235729.0,Network-A,http://purl.obolibrary.org/obo/PSDO_0000126, 
fdabfb58-db6f-4c8a-8733-56ef764e6126,Readmission-Ratting-01,2024-11-01,2024-11-30,0.134,280296.0,Network-A,http://purl.obolibrary.org/obo/PSDO_0000126, 
551ad4cf-cec1-4d7c-932e-26f8f3e3dbc1,Readmission-Ratting-01,2024-12-01,2024-12-31,0.135,232841.0,Network-A,http://purl.obolibrary.org/obo/PSDO_0000126, 
1ecab5d6-7fd7-4ecf-a572-946eaa521665,Readmission-Ratting-01,2025-01-01,2025-01-31,0.135,256650.0,Network-A,http://purl.obolibrary.org/obo/PSDO_0000126, 
f6b0c559-2645-42d0-82a9-f7b477147b62,Care-Rating-01,2024-02-01,2024-02-29,0.896,224644.0,Network-A,http://purl.obolibrary.org/obo/PSDO_0000126, 
5f8c1bba-64f1-482c-8365-17f6c96620fe,Care-Rating-01,2024-03-01,2024-03-31,0.928,234986.0,Network-A,http://purl.obolibrary.org/obo/PSDO_0000126, 
690a676f-6f48-4d39-998d-2435cf983841,Care-Rating-01,2024-04-01,2024-04-30,0.932,228349.0,Network-A,http://purl.obolibrary.org/obo/PSDO_0000126, 
fdad4ef7-7383-4dc6-8b71-1532213b38f2,Care-Rating-01,2024-05-01,2024-05-31,0.91,266929.0,Network-A,http://purl.obolibrary.org/obo/PSDO_0000126, 
77932ba1-b695-4846-9056-6cc36af2a41b,Care-Rating-01,2024-06-01,2024-06-30,0.916,232734.0,Network-A,http://purl.obolibrary.org/obo/PSDO_0000126, 
bc05a9d9-a50d-45e5-890c-6cacf7b0d641,Care-Rating-01,2024-07-01,2024-07-31,0.938,266644.0,Network-A,http://purl.obolibrary.org/obo/PSDO_0000126, 
9e972781-dc13-4a8a-972a-85ade1aad808,Care-Rating-01,2024-08-01,2024-08-31,0.9,278816.0,Network-A,http://purl.obolibrary.org/obo/PSDO_0000126, 
6259ac66-bf8f-4ce6-9458-211c4601cffa,Care-Rating-01,2024-09-01,2024-09-30,0.915,266465.0,Network-A,http://purl.obolibrary.org/obo/PSDO_0000126, 
3d1ca301-1789-4753-8739-7eed0bb19347,Care-Rating-01,2024-10-01,2024-10-31,0.936,245631.0,Network-A,http://purl.obolibrary.org/obo/PSDO_0000126, 
7e6749ff-8619-4bb3-8020-a5297ef12877,Care-Rating-01,2024-11-01,2024-11-30,0.936,251353.0,Network-A,http://purl.obolibrary.org/obo/PSDO_0000126, 
14ef33cd-def1-4d2a-8243-c0bf6409d527,Care-Rating-01,2024-12-01,2024-12-31,0.943,277682.0,Network-A,http://purl.obolibrary.org/obo/PSDO_0000126, 
d8a3ffa2-598d-4329-a71c-920afcc0d0e4,Care-Rating-01,2025-01-01,2025-01-31,0.918,245061.0,Network-A,http://purl.obolibrary.org/obo/PSDO_0000126, 
04e53857-af32-482e-9975-8149c9df9ba2,Clean-Rating-01,2024-02-01,2024-02-29,0.82,266385.0,Network-A,http://purl.obolibrary.org/obo/PSDO_0000126, 
613f200f-0367-4498-bfa2-dfb8ee76c0d5,Clean-Rating-01,2024-03-01,2024-03-31,0.832,236673.0,Network-A,http://purl.obolibrary.org/obo/PSDO_0000126, 
8557f260-510c-48fc-8f9a-4c236293c41d,Clean-Rating-01,2024-04-01,2024-04-30,0.814,269018.0,Network-A,http://purl.obolibrary.org/obo/PSDO_0000126, 
8a695582-556c-4f1d-938d-f728abbd06b0,Clean-Rating-01,2024-05-01,2024-05-31,0.834,256411.0,Network-A,http://purl.obolibrary.org/obo/PSDO_0000126, 
17e3064e-019b-43d6-bf05-e2f2e4a7bb6a,Clean-Rating-01,2024-06-01,2024-06-30,0.839,254361.0,Network-A,http://purl.obolibrary.org/obo/PSDO_0000126, 
3aab181a-2d61-415e-a5ef-8df4c1ad686c,Clean-Rating-01,2024-07-01,2024-07-31,0.823,239541.0,Network-A,http://purl.obolibrary.org/obo/PSDO_0000126, 
50c54ebb-36a7-49b2-b926-225306af2a64,Clean-Rating-01,2024-08-01,2024-08-31,0.825,235657.0,Network-A,http://purl.obolibrary.org/obo/PSDO_0000126, 
06957ed8-6b31-4835-9541-bd51d1b2afee,Clean-Rating-01,2024-09-01,2024-09-30,0.816,256667.0,Network-A,http://purl.obolibrary.org/obo/PSDO_0000126, 
14a8b274-4b1f-44ba-ae3b-1072de1deedf,Clean-Rating-01,2024-10-01,2024-10-31,0.829,265729.0,Network-A,http://purl.obolibrary.org/obo/PSDO_0000126, 
ab60eada-3338-4d50-a370-6843dd8dea0e,Clean-Rating-01,2024-11-01,2024-11-30,0.851,234161.0,Network-A,http://purl.obolibrary.org/obo/PSDO_0000126, 
d0d78cb8-050d-4032-8540-7a88e734ad8f,Clean-Rating-01,2024-12-01,2024-12-31,0.841,243368.0,Network-A,http://purl.obolibrary.org/obo/PSDO_0000126, 
b4255ef5-c36c-4d0b-9bec-fbbd71a354a2,Clean-Rating-01,2025-01-01,2025-01-31,0.866,256643.0,Network-A,http://purl.obolibrary.org/obo/PSDO_0000126, 
b755dfd3-e120-4be6-b481-4eed65ed9450,Discharge-01,2024-02-01,2024-02-29,0.798,240950.0,Network-A,http://purl.obolibrary.org/obo/PSDO_0000126, 
bbb0b501-63c9-46ac-a0d5-9907f4d5cc51,Discharge-01,2024-03-01,2024-03-31,0.818,245246.0,Network-A,http://purl.obolibrary.org/obo/PSDO_0000126, 
8257ee95-73bf-46cc-a9e8-7afc0e640282,Discharge-01,2024-04-01,2024-04-30,0.834,245985.0,Network-A,http://purl.obolibrary.org/obo/PSDO_0000126, 
f0c8a3d3-243f-40c4-8ec1-5461ef77c18a,Discharge-01,2024-05-01,2024-05-31,0.816,238530.0,Network-A,http://purl.obolibrary.org/obo/PSDO_0000126, 
c99c83d1-e963-4f2d-9a2e-bfc70f59b5b2,Discharge-01,2024-06-01,2024-06-30,0.837,230412.0,Network-A,http://purl.obolibrary.org/obo/PSDO_0000126, 
1a78bdc5-a9ab-45e2-95f0-a7135fe11b18,Discharge-01,2024-07-01,2024-07-31,0.807,211606.0,Network-A,http://purl.obolibrary.org/obo/PSDO_0000126, 
beb12357-8d6e-4206-8f33-9a85b1159214,Discharge-01,2024-08-01,2024-08-31,0.824,237793.0,Network-A,http://purl.obolibrary.org/obo/PSDO_0000126, 
8b38fb5b-beee-4c78-ae0f-6f0deae4b17c,Discharge-01,2024-09-01,2024-09-30,0.822,243575.0,Network-A,http://purl.obolibrary.org/obo/PSDO_0000126, 
5ac05706-3e5b-4947-8e8c-8904846f3ed5,Discharge-01,2024-10-01,2024-10-31,0.805,252090.0,Network-A,http://purl.obolibrary.org/obo/PSDO_0000126, 
9db5b706-29b0-44d2-94d6-d6ea08e424e0,Discharge-01,2024-11-01,2024-11-30,0.819,267114.0,Network-A,http://purl.obolibrary.org/obo/PSDO_0000126, 
c1514ba7-aca9-4fb3-8a2f-a4d5c9dc991e,Discharge-01,2024-12-01,2024-12-31,0.836,215012.0,Network-A,http://purl.obolibrary.org/obo/PSDO_0000126, 
8caf44c1-d16c-472d-978d-fa495373dba6,Discharge-01,2025-01-01,2025-01-31,0.838,266198.0,Network-A,http://purl.obolibrary.org/obo/PSDO_0000126, 
07001335-93ba-403f-a0b7-13e57f18e8fe,Hand-01,2024-02-01,2024-02-29,0.927,242687.0,Network-A,http://purl.obolibrary.org/obo/PSDO_0000126, 
dc730401-be94-4357-8191-8b26b04424b9,Hand-01,2024-03-01,2024-03-31,0.933,252599.0,Network-A,http://purl.obolibrary.org/obo/PSDO_0000126, 
6aaf94ad-c8bb-4078-a1cf-83a6f3065c80,Hand-01,2024-04-01,2024-04-30,0.957,248593.0,Network-A,http://purl.obolibrary.org/obo/PSDO_0000126, 
9b28a5c4-836d-4cd5-9d24-d8e6b69bc795,Hand-01,2024-05-01,2024-05-31,0.938,269964.0,Network-A,http://purl.obolibrary.org/obo/PSDO_0000126, 
09bc2937-eb84-45cf-8ce3-87225abdbab6,Hand-01,2024-06-01,2024-06-30,0.922,281828.0,Network-A,http://purl.obolibrary.org/obo/PSDO_0000126, 
493a7883-73fb-4b0b-b8c9-ca25211cbb96,Hand-01,2024-07-01,2024-07-31,0.935,248376.0,Network-A,http://purl.obolibrary.org/obo/PSDO_0000126, 
29772dde-91c3-48ee-9ffa-77f5626a3f9c,Hand-01,2024-08-01,2024-08-31,0.941,264146.0,Network-A,http://purl.obolibrary.org/obo/PSDO_0000126, 
3783ae11-6988-4a8a-b7cb-274e6536ee89,Hand-01,2024-09-01,2024-09-30,0.94,264879.0,Network-A,http://purl.obolibrary.org/obo/PSDO_0000126, 
b5cecf02-32ac-46f1-96b3-cc2c79879df4,Hand-01,2024-10-01,2024-10-31,0.922,249939.0,Network-A,http://purl.obolibrary.org/obo/PSDO_0000126, 
cd040640-8ba6-468e-a3e7-08b27e4b9e65,Hand-01,2024-11-01,2024-11-30,0.945,249896.0,Network-A,http://purl.obolibrary.org/obo/PSDO_0000126, 
46759c59-1119-4283-b7d3-4f4200f05e1e,Hand-01,2024-12-01,2024-12-31,0.957,252735.0,Network-A,http://purl.obolibrary.org/obo/PSDO_0000126, 
8829a115-60fb-412d-bf31-8dfcbe73215b,Hand-01,2025-01-01,2025-01-31,0.941,259552.0,Network-A,http://purl.obolibrary.org/obo/PSDO_0000126, 
3ead3ef1-701f-46f6-9c30-0369b8ee12ab,Nurse-informed-01,2024-02-01,2024-02-29,0.874,244355.0,Network-A,http://purl.obolibrary.org/obo/PSDO_0000126, 
959198ad-be1a-48a4-90e0-e21d1de95483,Nurse-informed-01,2024-03-01,2024-03-31,0.904,251011.0,Network-A,http://purl.obolibrary.org/obo/PSDO_0000126, 
8d9cea28-95b1-454b-a173-dc1012a5c9ec,Nurse-informed-01,2024-04-01,2024-04-30,0.882,225082.0,Network-A,http://purl.obolibrary.org/obo/PSDO_0000126, 
4b5a8036-b380-40f2-a8aa-817e4cf52da6,Nurse-informed-01,2024-05-01,2024-05-31,0.878,255655.0,Network-A,http://purl.obolibrary.org/obo/PSDO_0000126, 
7d2772b6-80b9-4824-92c6-85a28cc9f507,Nurse-informed-01,2024-06-01,2024-06-30,0.898,243470.0,Network-A,http://purl.obolibrary.org/obo/PSDO_0000126, 
2300a1c5-5a95-4e64-bb3d-6beeb530f221,Nurse-informed-01,2024-07-01,2024-07-31,0.893,223832.0,Network-A,http://purl.obolibrary.org/obo/PSDO_0000126, 
d9d79b8b-5924-4035-b53f-a40a36416bce,Nurse-informed-01,2024-08-01,2024-08-31,0.894,269787.0,Network-A,http://purl.obolibrary.org/obo/PSDO_0000126, 
9b61b53c-d8bd-40bd-b576-2f7be2597d9c,Nurse-informed-01,2024-09-01,2024-09-30,0.89,284019.0,Network-A,http://purl.obolibrary.org/obo/PSDO_0000126, 
61bb835f-b6c8-4c50-8ad8-782bdf15d400,Nurse-informed-01,2024-10-01,2024-10-31,0.905,251050.0,Network-A,http://purl.obolibrary.org/obo/PSDO_0000126, 
bf4b80f7-7bc2-4b67-b7f4-1e7839f062ef,Nurse-informed-01,2024-11-01,2024-11-30,0.893,253079.0,Network-A,http://purl.obolibrary.org/obo/PSDO_0000126, 
5bd26875-19f5-4b43-964e-21449af9786e,Nurse-informed-01,2024-12-01,2024-12-31,0.904,274250.0,Network-A,http://purl.obolibrary.org/obo/PSDO_0000126, 
6d46a1fe-9773-4479-bb4b-8c900f2aafc9,Nurse-informed-01,2025-01-01,2025-01-31,0.903,244597.0,Network-A,http://purl.obolibrary.org/obo/PSDO_0000126, 
41278d2c-5508-49e2-b991-974b58751e23,Nurse-language-01,2024-02-01,2024-02-29,0.937,253391.0,Network-A,http://purl.obolibrary.org/obo/PSDO_0000126, 
86c95242-ad6b-4507-b34d-b1352c72522b,Nurse-language-01,2024-03-01,2024-03-31,0.932,274915.0,Network-A,http://purl.obolibrary.org/obo/PSDO_0000126, 
3a18f1b1-e91d-462b-abbf-7552c1dff210,Nurse-language-01,2024-04-01,2024-04-30,0.941,237172.0,Network-A,http://purl.obolibrary.org/obo/PSDO_0000126, 
2902bb00-bf68-4735-87e8-49d4150eeecf,Nurse-language-01,2024-05-01,2024-05-31,0.915,253849.0,Network-A,http://purl.obolibrary.org/obo/PSDO_0000126, 
9327c94e-778c-4dd1-a8b9-922c66eab36d,Nurse-language-01,2024-06-01,2024-06-30,0.917,254864.0,Network-A,http://purl.obolibrary.org/obo/PSDO_0000126, 
ef1c7c55-8ca1-40f0-8fdb-d57299a4d98d,Nurse-language-01,2024-07-01,2024-07-31,0.93,248885.0,Network-A,http://purl.obolibrary.org/obo/PSDO_0000126, 
c3ddeed1-685e-4def-8d05-babe22c2f7b6,Nurse-language-01,2024-08-01,2024-08-31,0.947,251152.0,Network-A,http://purl.obolibrary.org/obo/PSDO_0000126, 
a8413f34-d9af-41f3-8c3d-363861f48fbd,Nurse-language-01,2024-09-01,2024-09-30,0.93,213626.0,Network-A,http://purl.obolibrary.org/obo/PSDO_0000126, 
3fa0f643-80a6-4cec-8f69-e71a4902fabb,Nurse-language-01,2024-10-01,2024-10-31,0.932,246881.0,Network-A,http://purl.obolibrary.org/obo/PSDO_0000126, 
58bbcc31-4286-4fe0-b327-4ac5c8279310,Nurse-language-01,2024-11-01,2024-11-30,0.937,253439.0,Network-A,http://purl.obolibrary.org/obo/PSDO_0000126, 
186d40ac-83cc-4393-b573-164ee7c7b9fe,Nurse-language-01,2024-12-01,2024-12-31,0.948,252450.0,Network-A,http://purl.obolibrary.org/obo/PSDO_0000126, 
0ad77849-20ec-4ed2-baa3-ae28efac94c1,Nurse-language-01,2025-01-01,2025-01-31,0.917,281307.0,Network-A,http://purl.obolibrary.org/obo/PSDO_0000126, 
ad02c28a-b038-46d7-a15b-b7a3f853ee15,Patient-Concern-01,2024-02-01,2024-02-29,0.939,242546.0,Network-A,http://purl.obolibrary.org/obo/PSDO_0000126, 
e4c98105-6404-4c7b-b449-495ce3275c43,Patient-Concern-01,2024-03-01,2024-03-31,0.943,263250.0,Network-A,http://purl.obolibrary.org/obo/PSDO_0000126, 
49120e05-4e0d-4a01-8ed2-41f80da54a8d,Patient-Concern-01,2024-04-01,2024-04-30,0.956,251636.0,Network-A,http://purl.obolibrary.org/obo/PSDO_0000126, 
19176847-9367-448e-88ba-9404d2c46bbf,Patient-Concern-01,2024-05-01,2024-05-31,0.962,233702.0,Network-A,http://purl.obolibrary.org/obo/PSDO_0000126, 
32fad6f8-eec8-42a6-8aa5-8300c1e80308,Patient-Concern-01,2024-06-01,2024-06-30,0.946,266040.0,Network-A,http://purl.obolibrary.org/obo/PSDO_0000126, 
6776442a-2e72-48b1-abd1-be35d9408a27,Patient-Concern-01,2024-07-01,2024-07-31,0.955,230550.0,Network-A,http://purl.obolibrary.org/obo/PSDO_0000126, 
6539b11b-aa0b-44f5-b879-24999ab2eb24,Patient-Concern-01,2024-08-01,2024-08-31,0.954,241248.0,Network-A,http://purl.obolibrary.org/obo/PSDO_0000126, 
4177ffb5-cbc6-4129-b308-5b3a01f94b06,Patient-Concern-01,2024-09-01,2024-09-30,0.958,231022.0,Network-A,http://purl.obolibrary.org/obo/PSDO_0000126, 
dc2493ad-0c83-4de2-a112-86702ece527e,Patient-Concern-01,2024-10-01,2024-10-31,0.949,220012.0,Network-A,http://purl.obolibrary.org/obo/PSDO_0000126, 
8eff2686-a6dc-44ad-86fc-e4fd890e9c21,Patient-Concern-01,2024-11-01,2024-11-30,0.962,242049.0,Network-A,http://purl.obolibrary.org/obo/PSDO_0000126, 
53789fb6-508e-44fd-89a7-d21e32d2106c,Patient-Concern-01,2024-12-01,2024-12-31,0.968,242830.0,Network-A,http://purl.obolibrary.org/obo/PSDO_0000126, 
09454b06-07a5-4722-923a-aa39c2688b76,Patient-Concern-01,2025-01-01,2025-01-31,0.954,234323.0,Network-A,http://purl.obolibrary.org/obo/PSDO_0000126, 
1cfe9c08-3cc6-4288-a25b-5562a1897ae3,Physician-informed-01,2024-02-01,2024-02-29,0.808,252479.0,Network-A,http://purl.obolibrary.org/obo/PSDO_0000126, 
1f078854-faca-40a2-9c88-8ca59f9a233e,Physician-informed-01,2024-03-01,2024-03-31,0.858,254312.0,Network-A,http://purl.obolibrary.org/obo/PSDO_0000126, 
78f4e718-8790-430d-9f11-595dffaa44f3,Physician-informed-01,2024-04-01,2024-04-30,0.817,255640.0,Network-A,http://purl.obolibrary.org/obo/PSDO_0000126, 
b341041b-466d-485f-8b93-993be12a06fa,Physician-informed-01,2024-05-01,2024-05-31,0.812,249112.0,Network-A,http://purl.obolibrary.org/obo/PSDO_0000126, 
3d553e1f-610d-4a4c-a331-bae5fb962d01,Physician-informed-01,2024-06-01,2024-06-30,0.835,248218.0,Network-A,http://purl.obolibrary.org/obo/PSDO_0000126, 
202b7b3a-e978-4aa8-96a1-64f4c02aa9cd,Physician-informed-01,2024-07-01,2024-07-31,0.842,242484.0,Network-A,http://purl.obolibrary.org/obo/PSDO_0000126, 
81b28aae-ef6a-4a5a-ab77-daf1e4c31722,Physician-informed-01,2024-08-01,2024-08-31,0.841,244929.0,Network-A,http://purl.obolibrary.org/obo/PSDO_0000126, 
e35c879a-740d-4a24-b2ce-8211ba6f428d,Physician-informed-01,2024-09-01,2024-09-30,0.831,254476.0,Network-A,http://purl.obolibrary.org/obo/PSDO_0000126, 
f4baa09d-fa72-4ae1-b40f-8b345f468ce6,Physician-informed-01,2024-10-01,2024-10-31,0.861,229790.0,Network-A,http://purl.obolibrary.org/obo/PSDO_0000126, 
6ae48bb9-db07-40a1-a667-7d52dec4457f,Physician-informed-01,2024-11-01,2024-11-30,0.879,242521.0,Network-A,http://purl.obolibrary.org/obo/PSDO_0000126, 
48a792cf-fad5-4bb2-bf64-e334480beb27,Physician-informed-01,2024-12-01,2024-12-31,0.841,259793.0,Network-A,http://purl.obolibrary.org/obo/PSDO_0000126, 
b6c446f9-048b-4eb7-b07e-7e05edbc1f2d,Physician-informed-01,2025-01-01,2025-01-31,0.866,250075.0,Network-A,http://purl.obolibrary.org/obo/PSDO_0000126, 
31e92ea4-d530-4044-af83-7f86aa365427,Physician-language-01,2024-02-01,2024-02-29,0.88,261887.0,Network-A,http://purl.obolibrary.org/obo/PSDO_0000126, 
44d71520-0755-4832-a601-f1f40ede41f5,Physician-language-01,2024-03-01,2024-03-31,0.886,257086.0,Network-A,http://purl.obolibrary.org/obo/PSDO_0000126, 
b19e1dfb-b545-403b-95cd-f2138b098cfd,Physician-language-01,2024-04-01,2024-04-30,0.894,221162.0,Network-A,http://purl.obolibrary.org/obo/PSDO_0000126, 
65fecb93-07f0-4fed-9eb7-180b0e5a761d,Physician-language-01,2024-05-01,2024-05-31,0.899,240060.0,Network-A,http://purl.obolibrary.org/obo/PSDO_0000126, 
0ffb363e-f267-4afd-a456-cfbdd68bd359,Physician-language-01,2024-06-01,2024-06-30,0.863,268826.0,Network-A,http://purl.obolibrary.org/obo/PSDO_0000126, 
6b5e5f0e-c06d-4550-a889-a729bee92cbf,Physician-language-01,2024-07-01,2024-07-31,0.877,236247.0,Network-A,http://purl.obolibrary.org/obo/PSDO_0000126, 
81a7d961-8d61-41b4-bd74-f8152024a150,Physician-language-01,2024-08-01,2024-08-31,0.889,275267.0,Network-A,http://purl.obolibrary.org/obo/PSDO_0000126, 
c7992f9e-b711-44cf-bc33-1d75197401a0,Physician-language-01,2024-09-01,2024-09-30,0.888,266775.0,Network-A,http://purl.obolibrary.org/obo/PSDO_0000126, 
b89194e4-ce3e-4bb4-9fd8-2e855e077dad,Physician-language-01,2024-10-01,2024-10-31,0.894,258589.0,Network-A,http://purl.obolibrary.org/obo/PSDO_0000126, 
f82504ca-6b58-40f3-9fcd-0c8c2196c970,Physician-language-01,2024-11-01,2024-11-30,0.914,251237.0,Network-A,http://purl.obolibrary.org/obo/PSDO_0000126, 
0e948951-7509-4c3f-b7b2-0545571e3ad3,Physician-language-01,2024-12-01,2024-12-31,0.894,271484.0,Network-A,http://purl.obolibrary.org/obo/PSDO_0000126, 
9cf49d31-a486-4e4d-a6b8-69376bd7970e,Physician-language-01,2025-01-01,2025-01-31,0.901,254264.0,Network-A,http://purl.obolibrary.org/obo/PSDO_0000126, 
05f5fcc9-1081-4aea-b57d-e782d5738ca1,Provider-Rating-01,2024-02-01,2024-02-29,0.9,247585.0,Network-A,http://purl.obolibrary.org/obo/PSDO_0000126, 
2ef8a084-3837-40e1-8e31-bb87e77ba2c8,Provider-Rating-01,2024-03-01,2024-03-31,0.894,264753.0,Network-A,http://purl.obolibrary.org/obo/PSDO_0000126, 
fab47add-ba61-46b6-a2ad-6a462406cfae,Provider-Rating-01,2024-04-01,2024-04-30,0.901,259060.0,Network-A,http://purl.obolibrary.org/obo/PSDO_0000126, 
024dc5af-1ffa-49c3-8a07-b7301d740b85,Provider-Rating-01,2024-05-01,2024-05-31,0.901,264675.0,Network-A,http://purl.obolibrary.org/obo/PSDO_0000126, 
9c03cc66-cfd2-4804-b6bc-7c0066ab6697,Provider-Rating-01,2024-06-01,2024-06-30,0.91,233691.0,Network-A,http://purl.obolibrary.org/obo/PSDO_0000126, 
da3ff63b-4727-4cc3-825f-2e6cb2dd9932,Provider-Rating-01,2024-07-01,2024-07-31,0.901,250746.0,Network-A,http://purl.obolibrary.org/obo/PSDO_0000126, 
772d3194-49f4-4b56-be49-719e98cdcc8e,Provider-Rating-01,2024-08-01,2024-08-31,0.912,236126.0,Network-A,http://purl.obolibrary.org/obo/PSDO_0000126, 
a08ede37-7a73-49f6-99ff-91e9f2549c96,Provider-Rating-01,2024-09-01,2024-09-30,0.909,259229.0,Network-A,http://purl.obolibrary.org/obo/PSDO_0000126, 
041af952-ac29-46d6-85db-ef3359ec7151,Provider-Rating-01,2024-10-01,2024-10-31,0.925,261064.0,Network-A,http://purl.obolibrary.org/obo/PSDO_0000126, 
cd8d666e-505c-4db7-9a24-c6dccc44bff1,Provider-Rating-01,2024-11-01,2024-11-30,0.927,261889.0,Network-A,http://purl.obolibrary.org/obo/PSDO_0000126, 
6764c981-0969-4f92-9d55-a979aa3cfd37,Provider-Rating-01,2024-12-01,2024-12-31,0.925,251349.0,Network-A,http://purl.obolibrary.org/obo/PSDO_0000126, 
302126ae-dd31-4cf0-90cc-385d6fbdb83b,Provider-Rating-01,2025-01-01,2025-01-31,0.928,256218.0,Network-A,http://purl.obolibrary.org/obo/PSDO_0000126, 
6e742cff-159b-4c4b-829f-a8813878cd97,Quiet-Rating-01,2024-02-01,2024-02-29,0.716,268263.0,Network-A,http://purl.obolibrary.org/obo/PSDO_0000126, 
b6f3cd72-7861-4cd2-a992-4fa882f2a085,Quiet-Rating-01,2024-03-01,2024-03-31,0.712,265410.0,Network-A,http://purl.obolibrary.org/obo/PSDO_0000126, 
bb785b2d-0d0d-4c12-bdaa-dd46af0b9dd0,Quiet-Rating-01,2024-04-01,2024-04-30,0.718,246948.0,Network-A,http://purl.obolibrary.org/obo/PSDO_0000126, 
2ebf37e8-efe6-4e9f-96ad-a6e60d4d248c,Quiet-Rating-01,2024-05-01,2024-05-31,0.721,267622.0,Network-A,http://purl.obolibrary.org/obo/PSDO_0000126, 
e31e1bbc-99c9-4fed-9a9a-948b840d2ba6,Quiet-Rating-01,2024-06-01,2024-06-30,0.742,276451.0,Network-A,http://purl.obolibrary.org/obo/PSDO_0000126, 
3b224be5-5376-4a9d-bc3d-fb752dd4c19e,Quiet-Rating-01,2024-07-01,2024-07-31,0.744,279626.0,Network-A,http://purl.obolibrary.org/obo/PSDO_0000126, 
bc598082-0f58-4977-840d-c44f76b61f56,Quiet-Rating-01,2024-08-01,2024-08-31,0.728,240427.0,Network-A,http://purl.obolibrary.org/obo/PSDO_0000126, 
c14e80aa-7601-4dae-89da-e8e88cdc171e,Quiet-Rating-01,2024-09-01,2024-09-30,0.749,256951.0,Network-A,http://purl.obolibrary.org/obo/PSDO_0000126, 
bb85cfbf-9a2a-4cae-bc7e-ecaaab2461d6,Quiet-Rating-01,2024-10-01,2024-10-31,0.721,241408.0,Network-A,http://purl.obolibrary.org/obo/PSDO_0000126, 
8bfc1f1b-ae11-45ac-94b2-154feb04dca0,Quiet-Rating-01,2024-11-01,2024-11-30,0.724,247410.0,Network-A,http://purl.obolibrary.org/obo/PSDO_0000126, 
930752d0-0cc9-47c9-a0d5-86fee1bd79d9,Quiet-Rating-01,2024-12-01,2024-12-31,0.73,250166.0,Network-A,http://purl.obolibrary.org/obo/PSDO_0000126, 
9772d213-061c-4237-9cdc-57a8200b889c,Quiet-Rating-01,2025-01-01,2025-01-31,0.731,261007.0,Network-A,http://purl.obolibrary.org/obo/PSDO_0000126, 
cf7cfd30-189c-4875-bb6a-7e3196b5d592,Transfer-01,2024-02-01,2024-02-29,0.54,260824.0,Network-A,http://purl.obolibrary.org/obo/PSDO_0000126, 
341c020b-6f68-4966-bb11-6d52353a878c,Transfer-01,2024-03-01,2024-03-31,0.517,249197.0,Network-A,http://purl.obolibrary.org/obo/PSDO_0000126, 
5d229254-9724-47d2-81fd-00cc3a956bfb,Transfer-01,2024-04-01,2024-04-30,0.518,253372.0,Network-A,http://purl.obolibrary.org/obo/PSDO_0000126, 
de19b54a-9714-48bd-a2bc-b6f7ae0d9419,Transfer-01,2024-05-01,2024-05-31,0.537,285173.0,Network-A,http://purl.obolibrary.org/obo/PSDO_0000126, 
bd7c6b0f-d684-4fb9-9505-d6bb6d8bebac,Transfer-01,2024-06-01,2024-06-30,0.54,283343.0,Network-A,http://purl.obolibrary.org/obo/PSDO_0000126, 
b4b357f9-d46d-45fc-a251-f128502cda6c,Transfer-01,2024-07-01,2024-07-31,0.522,236416.0,Network-A,http://purl.obolibrary.org/obo/PSDO_0000126, 
a8963074-dd9e-4826-a9ec-7679c1554920,Transfer-01,2024-08-01,2024-08-31,0.535,267290.0,Network-A,http://purl.obolibrary.org/obo/PSDO_0000126, 
d28e5dc6-b394-4f45-94a3-3c9ed000e026,Transfer-01,2024-09-01,2024-09-30,0.55,242695.0,Network-A,http://purl.obolibrary.org/obo/PSDO_0000126, 
52f272f4-0af1-47b9-bf89-620ee753a54f,Transfer-01,2024-10-01,2024-10-31,0.549,251128.0,Network-A,http://purl.obolibrary.org/obo/PSDO_0000126, 
458ec89d-3362-4e1a-9c7a-d2576025298b,Transfer-01,2024-11-01,2024-11-30,0.545,237178.0,Network-A,http://purl.obolibrary.org/obo/PSDO_0000126, 
e3bfff65-a131-4376-ac06-3ce6c147b256,Transfer-01,2024-12-01,2024-12-31,0.538,259435.0,Network-A,http://purl.obolibrary.org/obo/PSDO_0000126, 
6f9b20ae-816d-424a-ad81-8102e82f2b8d,Transfer-01,2025-01-01,2025-01-31,0.541,256886.0,Network-A,http://purl.obolibrary.org/obo/PSDO_0000126, 
